thickness_min,thickness_max,width_min,width_max,length_min,length_max,height_min,height_max,weight_min,weight_max,inner_diameter_min,inner_diameter_max,outer_diameter_min,outer_diameter_max,tensile_mid,yield_mid,elongation_mid,reduction_mid,hardness_mid,coating,finish,form,surface_type,surface_protection,cluster
6.0,6.0,600.0,1520.0,,,,,15000.0,25000.0,610.0,610.0,,,850.0,700.0,12.0,,,,Oiled,Coils,,,2
1.5,1.5,327.0,327.0,,,,,,,,,,,420.0,250.0,19.0,,,ZM310,Hot-dip zinc magnesium (+ZM),Slit Coils,,,0
0.4,0.4,1000.0,1500.0,,,,,,,,,,,385.0,350.0,22.0,,,Z100,Hot-dip Galvanized (+Z/+GI),Coils,,Lightly Oiled (L),0
1.5,1.5,,,4900.0,,4900.0,,53800.0,53800.0,,,60.3,,435.0,235.0,26.0,,,,,Round Tubes,,,0
1.5,1.5,,,6100.0,,6100.0,,14500.0,14500.0,,,48.3,,435.0,235.0,26.0,,,,,Round Tubes,,,0
1.5,1.5,,,6200.0,,6200.0,,34000.0,34000.0,,,20.0,,435.0,235.0,26.0,,,,,Round Tubes,,,0
2.0,2.0,60.0,60.0,9000.0,,9000.0,80.0,,,,,,,385.0,350.0,22.0,,,Z075,Hot-dip Galvanized (+Z/+GI),Rectangular Tubes,,,0
2.0,2.0,60.0,60.0,9000.0,,9000.0,80.0,,,,,,,385.0,350.0,22.0,,,Z080,Hot-dip Galvanized (+Z/+GI),Rectangular Tubes,,,0
2.5,2.5,,,3300.0,,3300.0,,,,,,25.0,,385.0,350.0,22.0,,,,,Round Tubes,,,0
1.5,1.5,35.0,35.0,8000.0,,8000.0,,,,,,,,385.0,350.0,22.0,,,,,Equal Angles,,,0
,,,,,,,,,,,,,,385.0,350.0,22.0,,,Z275,Hot-dip Galvanized (+Z/+GI),Rectangular Tubes,,,0
4.9,5.1,,1520.0,,,,,,25000.0,610.0,610.0,,,490.0,355.0,22.0,,,,,Coils,,Oiled (O),0
4.9,5.1,,1520.0,,,,,,25000.0,610.0,610.0,,,490.0,355.0,22.0,,,,Galvanized,Coils,,Oiled (O),0
1.0,1.0,1250.0,1300.0,,,,,,,,,,,340.0,280.0,28.0,,,ZE25/25,Electro-Galvanized (+ZE),Coils,Conventional surface (A),"Phosphated, chemically passivated and oiled (PCO)",0
7.8,8.1,1270.0,,,,,,,,,,,,490.0,355.0,22.0,,,,,Coils,,,0
8.0,8.0,,,,,,,,,,,,,625.0,500.0,14.0,,,,,Coils,,,2
7.8,8.1,1270.0,,,,,,,,,,,,490.0,355.0,22.0,,,,,Coils,,,0
8.0,8.0,,,,,,,,,,,,,625.0,500.0,14.0,,,,,Coils,,,2
1.8,1.8,,,,,,,20000.0,20000.0,,,,,435.0,235.0,26.0,,,,Black (S1),Coils,,,0
2.75,2.75,,,,,,,80000.0,80000.0,,,,,435.0,235.0,26.0,,,,Black (S1),Coils,,,0
1.8,1.8,,,,,,,120000.0,120000.0,,,,,390.0,220.0,20.0,,,,SuperVitac (SVA),Coils,,,0
2.75,2.75,,,,,,,100000.0,100000.0,,,,,390.0,220.0,20.0,,,,SuperVitac (SVA),Coils,,,0
2.4,2.6,600.0,1520.0,,,,,20000.0,25000.0,610.0,610.0,,,340.0,380.0,28.0,,,,Oiled,Coils,,,0
2.0,2.0,1500.0,1500.0,3000.0,,3000.0,,17000.0,17000.0,,,,,340.0,280.0,28.0,,,,,Sheets,,,0
1.5,1.5,1500.0,1500.0,3000.0,,3000.0,,3000.0,3000.0,,,,,340.0,280.0,28.0,,,,,Sheets,,,0
2.5,2.5,600.0,,,,,,,,,,,,550.0,420.0,23.0,,,,,Coils,,,0
1.0,1.0,1500.0,1500.0,3000.0,,3000.0,,5000.0,5000.0,,,,,340.0,280.0,28.0,,,,,Sheets,,,0
1.5,1.5,,,,,,,,,,,,,340.0,380.0,28.0,,,,,Sheets,,,0
1.5,1.5,,,,,,,,,,,,,435.0,235.0,26.0,,,,,Sheets,,,0
3.5,3.5,,,,,,,,,,,,,435.0,235.0,26.0,,,,,Sheets,,,0
2.0,2.0,,,,,,,,,,,,,310.0,210.0,38.0,,,ZE75/75,Electro-Galvanized (+ZE),Sheets,,,0
0.7,0.7,,,,,,,,40000.0,,,,,340.0,280.0,28.0,,,ZE25/25,Electro-Galvanized (+ZE),Coils,Conventional surface (A),Phosphated and chemically passivated (PC),0
0.7,0.7,,,,,,,,40000.0,,,,,320.0,210.0,34.0,,,ZE25/25,Electro-Galvanized (+ZE),Coils,Conventional surface (A),Phosphated and chemically passivated (PC),0
0.7,0.7,,,,,,,,40000.0,,,,,310.0,210.0,38.0,,,ZE25/25,Electro-Galvanized (+ZE),Coils,Conventional surface (A),Phosphated and chemically passivated (PC),0
3.0,3.0,1500.0,1500.0,,,,,,,,,,,600.0,420.0,19.0,,,,,Coils,,,0
3.0,3.0,1500.0,1500.0,,,,,,,,,,,680.0,500.0,16.0,,,,,Coils,,,0
6.1,6.6,1850.0,1900.0,,,,,25000.0,25000.0,,,,,435.0,235.0,26.0,,,,Normalized (+N),Coils,,Oiled (O),0
1.5,2.0,,,,,,,,,,,,,385.0,350.0,22.0,,,Z100,Hot-dip Galvanized (+Z/+GI),Coils,"Minimized spangle, improved surface (MB)",Oiled (O),0
1.4,1.5,,,,,,,300000.0,300000.0,,,,,385.0,350.0,22.0,,,ZM100,Hot-dip zinc magnesium (+ZM),Coils,,,0
0.8,0.8,1250.0,1250.0,,,,,,,,,,,340.0,280.0,28.0,,,ZV25/25,JVD Galvanized (+ZV),Coils,,,0
0.8,0.8,1250.0,1250.0,,,,,,,,,,,340.0,280.0,28.0,,,ZE25/25,Electro-Galvanized (+ZE),Coils,,,0
1.5,1.5,,,,,,,20000.0,20000.0,,,,,465.0,320.0,17.0,,,Z275,Hot-dip Galvanized (+Z/+GI),Coils,"Minimized spangle, conventional surface (MA)",Chemically passivated (C),0
12.0,12.0,1500.0,1500.0,,,,,50000.0,50000.0,,,,,550.0,420.0,19.0,,,,Hot Rolled,Plates,,,0
3.0,3.0,200.0,1520.0,,,,,,25000.0,610.0,610.0,,,490.0,355.0,22.0,,,,Hot Rolled,Coils,,Pickled and Oiled,0
1.4,1.5,,,,,,,300000.0,300000.0,,,,,390.0,220.0,20.0,,,ZM100,Hot-dip zinc magnesium (+ZM),Coils,,,0
,,,1520.0,,,,,,25000.0,610.0,610.0,,,550.0,355.0,22.0,,,,,Coils,,O,0
,,,1520.0,,,,,6000.0,25000.0,610.0,610.0,,,340.0,380.0,28.0,,,,Oiled,Coils,,,0
,,,1520.0,,,,,6000.0,25000.0,610.0,610.0,,,340.0,380.0,28.0,,,,Oiled,Coils,,Oiled (O),0
0.37,0.4,,,,,,,,,,,,,,,,,,,Galvanized,Sheets,,,0
0.37,0.4,,,,,,,,,,,,,,,,,,,Prepainted (PPGI),Sheets,,,0
1.2,1.2,,1520.0,,,,,20000.0,25000.0,610.0,610.0,,,310.0,210.0,38.0,,,,Cold Rolled,Coils,,Lightly Oiled (L),0
5.0,5.0,,1520.0,,,,,,25000.0,610.0,610.0,,,735.0,600.0,13.0,,,,Oiled,Coils,,,2
15.0,15.0,2500.0,2500.0,6000.0,,6000.0,,24000.0,24000.0,,,,,550.0,355.0,22.0,,,,,Plates,,,0
15.0,15.0,1500.0,1500.0,3000.0,,3000.0,,24000.0,24000.0,,,,,435.0,235.0,26.0,,,,,Plates,,,0
15.0,15.0,1500.0,1500.0,3000.0,,3000.0,,24000.0,24000.0,,,,,550.0,355.0,22.0,,,,,Plates,,,0
2.0,2.05,,1520.0,,,,,,25000.0,610.0,610.0,,,490.0,355.0,22.0,,,,,Coils,,Oiled (O),0
,,,,,,,,,,610.0,610.0,,,600.0,420.0,19.0,,,,Oiled,,,,0
,,,,,,,,,,610.0,610.0,,,630.0,460.0,17.0,,,,Oiled,,,,2
,,,1520.0,,,,,,25000.0,,,,,,,,,,,,Coils,,,0
,,,,,,,,,,,,,,,,,,,,,Round Bars,,,0
5.89,6.11,610.0,610.0,,,,,5000.0,25000.0,,,,,625.0,500.0,14.0,,,,,Strips,Non-specified,Oiled (O),2
2.5,2.5,610.0,1520.0,,,,,,25000.0,,,,,850.0,700.0,12.0,,,,Oiled,Coils,,,2
8.0,8.0,1400.0,1500.0,,,,,150000.0,,,,,,550.0,355.0,22.0,,,,+N,Coils,,,0
8.0,8.0,1500.0,1600.0,,,,,90000.0,,,,,,550.0,355.0,22.0,,,,+N,Coils,,,0
2.8,2.8,600.0,1520.0,,,,,15000.0,25000.0,,,,,735.0,600.0,13.0,,,,Hot Rolled,Coils,,Oiled (O),2
2.4,2.4,,,,,,,,,,,,,,,,,,,Hot Rolled,,,,0
1.5,1.5,1000.0,1000.0,,,,,,24000.0,,,,,385.0,350.0,22.0,,,AS050,Aluminized (+AS/+AL),Coils,,,0
1.4,1.4,1065.0,1065.0,,,,,15000.0,20000.0,,,,,595.0,460.0,21.0,,,GI60/60,Hot-dip Galvanized (+Z/+GI),Coils,,,0
2.0,2.0,1500.0,,,,,,,,,,,,385.0,350.0,22.0,,,AS120,Aluminized (+AS/+AL),Coils,Conventional surface (A),Chemically passivated and oiled (CO),0
4.0,4.06,,1520.0,,,,,,25000.0,610.0,610.0,,,340.0,280.0,28.0,,,,Cold Rolled,Coils,,Lightly Oiled (L),0
15.0,15.0,1500.0,1500.0,3000.0,,3000.0,,,24000.0,,,,,435.0,235.0,26.0,,,,Hot Rolled,Plates,,,0
1.0,1.0,1404.0,1404.0,,,,,24000.0,24000.0,,,,,385.0,350.0,22.0,,,AZ150,Aluzinc (+AZ),Coils,,,0
4.2,4.2,1842.0,1845.0,,,,,,21000.0,,,,,340.0,380.0,28.0,,,,Hot Rolled,Coils,,Pickled and Oiled,0
5.0,5.0,1250.0,1520.0,,,,,15000.0,25000.0,610.0,,,,625.0,500.0,14.0,,,,Hot Rolled,Coils,,,2
1.4,1.4,1065.0,1065.0,,,,,15000.0,20000.0,,,,,550.0,420.0,21.0,,,GI60/60,Hot-dip Galvanized (+Z/+GI),Coils,,,0
3.5,3.5,,,,,,,,,,,,,680.0,550.0,12.0,,,ZM310,Hot-dip zinc magnesium (+ZM),Coils,"Minimized spangle, improved surface (MA)",Chemically passivated (C),2
0.8,0.8,1250.0,1250.0,,,,,,,,,,,340.0,280.0,28.0,,,ZV25/25,JVD Galvanized (+ZV),Coils,,,0
0.8,0.8,1250.0,1250.0,,,,,,,,,,,340.0,280.0,28.0,,,ZE25/25,Electro-Galvanized (+ZE),Coils,,,0
3.94,4.06,,1520.0,,,,,,10000.0,610.0,610.0,,,340.0,280.0,28.0,,,,Cold Rolled (+CR),Coils,,Oiled (O),0
1.5,1.5,,1520.0,,,,,,25000.0,610.0,610.0,,,625.0,500.0,14.0,,,,,Coils,,,2
3.5,3.5,,,,,,,,,,,,,680.0,550.0,12.0,,,Z275,Hot-dip Galvanized (+Z),Coils,"Minimized spangle, improved surface (MA)",Chemically passivated (C),2
3.5,3.65,,1520.0,,,,,,25000.0,610.0,610.0,,,340.0,380.0,28.0,,,,Stained,Coils,Oiled (O),,0
3.0,3.0,,1520.0,,,,,20000.0,25000.0,610.0,610.0,,,385.0,350.0,22.0,,,Z275,Hot-dip Galvanized (+Z/+GI),Coils,,,0
,,610.0,610.0,,,,,,25000.0,,,,,435.0,235.0,26.0,,,,Oiled,,,,0
,,610.0,610.0,,,,,,,,,,,435.0,235.0,26.0,,,,Oiled,,,,0
,,,1520.0,,,,,,25000.0,,,,,,,,,,,,Coils,,,0
2.85,3.0,,1520.0,,,,,,25000.0,610.0,610.0,,,435.0,235.0,26.0,,,,Oiled,Coils,,,0
8.0,8.0,1500.0,1500.0,3000.0,,3000.0,,24000.0,48000.0,,,,,490.0,355.0,22.0,,,,Hot Rolled,Plates,,,0
2.65,2.85,,1520.0,,,,,,25000.0,610.0,610.0,,,595.0,460.0,17.0,,,,,Coils,,Pickled and Oiled,0
1.7,2.0,,1520.0,,,,,,25000.0,610.0,610.0,,,340.0,380.0,28.0,,,,Stained,Slit Coils,,Oiled (O),0
,,,1520.0,,,,,,25000.0,610.0,610.0,,,550.0,355.0,22.0,,,,Stained,Coils,,Oiled (O),0
,,610.0,610.0,,,,,,,,,,,550.0,420.0,19.0,,,,Oiled,Coils,,,0
4.45,4.55,,1520.0,,,,,,25000.0,,,,,,,,,,,,Coils,,,0
,,98.0,98.0,,,,,,25000.0,,,,,435.0,235.0,26.0,,,,Oiled,Coils,,,0
,,,1520.0,,,,,,25000.0,610.0,610.0,,,490.0,355.0,22.0,,,,Oiled,Coils,,,0
12.0,25.0,,,,,,,,,610.0,610.0,,,490.0,355.0,22.0,,,,Oiled,Strips,,,0
5.0,5.0,,1520.0,,,,,,25000.0,,,,,,,,,,,,Coils,,,0
0.7,0.8,940.0,1050.0,,,,,10000.0,20000.0,,,,,385.0,350.0,22.0,,,AS050,,Coils,,,0
50.0,60.0,1500.0,8000.0,,,,,,,,,,,550.0,355.0,22.0,,,,,Plates,,,0
50.0,60.0,1500.0,8000.0,,,,,,,,,,,490.0,355.0,22.0,,,,,Plates,,,0
50.0,60.0,1500.0,8000.0,,,,,,,,,,,550.0,420.0,19.0,,,,,Plates,,,0
4.0,4.0,600.0,1520.0,,,,,10000.0,25000.0,610.0,610.0,,,850.0,700.0,12.0,,,,Hot Rolled,Coils,,Oiled (O),2
1.0,1.0,1406.0,1406.0,,,,,,,,,,,1525.0,1000.0,5.0,,43.5,AS23/23,Aluminized (+AS/+AL),Coils,,,2
0.3,3.0,,640.0,,,,,,,,,,,,,,,,,,Sheets,,,0
7.8,8.1,1270.0,,,,,,,,,,,,490.0,355.0,22.0,,,,,Coils,,,0
8.0,8.0,,,,,,,,,,,,,625.0,500.0,14.0,,,,,Coils,,,2
8.0,8.0,1500.0,1500.0,3000.0,,3000.0,,24000.0,48000.0,,,,,435.0,235.0,26.0,,,,Hot Rolled,Plates,,,0
1.0,1.0,1250.0,1300.0,,,,,,,,,,,340.0,280.0,28.0,,,ZE25/25,Electro-Galvanized (+ZE),Coils,Conventional surface (A),"Phosphated, chemically passivated and oiled (PCO)",0
1.3,1.5,600.0,1520.0,,,,,,25000.0,610.0,610.0,,,400.0,260.0,29.0,,,,,Coils,,,0
1.0,1.0,1406.0,1406.0,,,,,,450000.0,,,,,1525.0,1000.0,5.0,,43.5,AS23/23,Aluminized (+AS/+AL),Coils,,,2
12.5,12.5,,,114000.0,,120000.0,,,,,,193.7,193.7,550.0,355.0,22.0,,,,Seamless,Seamless Round Tubes,,,1
1.4,1.55,,,,,,,,,,,,,385.0,350.0,22.0,,,Z115,Hot-dip Galvanized (+Z/+GI),Coils,"Minimized spangle, conventional surface (MA)",Chemically passivated (C),0
1.3,1.5,600.0,1520.0,,,,,,25000.0,610.0,610.0,,,435.0,235.0,26.0,,,,,Coils,,,0
1.3,1.5,600.0,1520.0,,,,,,25000.0,610.0,610.0,,,340.0,380.0,28.0,,,,,Coils,,,0
3.0,3.0,1500.0,1500.0,3000.0,,3000.0,,25000.0,25000.0,,,,,435.0,235.0,26.0,,,,,Plates,,,0
3.0,3.0,1500.0,1500.0,3000.0,,3000.0,,25000.0,25000.0,,,,,460.0,320.0,23.0,,,,,Coils,,,0
0.97,1.05,,1620.0,,,,,,,,,,,310.0,220.0,36.0,,,ZF120,Galvannealed (+ZF),Coils,,,0
0.97,1.05,,1620.0,,,,,,,,,,,310.0,220.0,36.0,,,ZF140,Galvannealed (+ZF),Coils,,,0
0.97,1.05,,1620.0,,,,,,,,,,,310.0,210.0,38.0,,,,,Coils,,,0
1.2,1.3,,1620.0,,,,,,,,,,,385.0,350.0,22.0,,,ZF080,Galvannealed (+ZF),Coils,,,0
1.2,1.3,,1620.0,,,,,,,,,,,385.0,350.0,22.0,,,ZF100,Galvannealed (+ZF),Coils,,,0
1.2,1.3,,1620.0,,,,,,,,,,,385.0,350.0,22.0,,,ZF120,Galvannealed (+ZF),Coils,,,0
1.2,1.3,,1620.0,,,,,,,,,,,385.0,350.0,22.0,,,ZF140,Galvannealed (+ZF),Coils,,,0
1.2,1.3,,1620.0,,,,,,,,,,,340.0,280.0,28.0,,,,,Coils,,,0
0.65,0.75,1500.0,,,,,,,,,,,,340.0,280.0,28.0,,,ZE25/25,Electro-Galvanized (+ZE),Coils,Conventional surface (A),,0
0.65,0.75,1500.0,,,,,,,,,,,,340.0,280.0,28.0,,,ZE25/25,Electro-Galvanized (+ZE),Coils,Phosphated (P),Chemically passivated (C),0
1.0,1.0,20.0,24.0,,,,,,,,,,,340.0,280.0,28.0,,,ZE25/25,Electro-Galvanized (+ZE),Coils,Conventional surface (A),,0
5.0,5.0,,1520.0,,,,,,25000.0,610.0,610.0,,,550.0,355.0,22.0,,,,Oiled,Coils,,,0
,,,,,,,,,,610.0,610.0,,,450.0,315.0,24.0,,,,Oiled,,,,0
,,,1520.0,,,,,,25000.0,,,,,,,,,,,,Coils,,,0
2.15,2.3,,1520.0,,,,,15000.0,25000.0,610.0,,,,435.0,235.0,26.0,,,,,Coils,,Pickled and Oiled,0
1.0,1.0,20.0,24.0,,,,,,,,,,,340.0,280.0,28.0,,,ZE25/25,Electro-Galvanized (+ZE),Coils,Phosphated (P),Chemically passivated (C),0
0.97,1.05,,1620.0,,,,,,,,,,,310.0,220.0,36.0,,,ZF080,Galvannealed (+ZF),Coils,,,0
1.4,1.5,,,,,,,300000.0,300000.0,,,,,385.0,350.0,22.0,,,Z100,Hot-dip Galvanized (+Z/+GI),Coils,,,0
,,,1520.0,,,,,,25000.0,610.0,610.0,,,550.0,355.0,22.0,,,,Oiled,Coils,,,0
,,,1520.0,,,,,,25000.0,610.0,610.0,,,600.0,420.0,19.0,,,,Oiled,Coils,,,0
,,,1520.0,,,,,,25000.0,610.0,610.0,,,630.0,460.0,17.0,,,,Oiled,Coils,,,0
1.44,1.56,,1520.0,,,,,,25000.0,610.0,610.0,,,550.0,355.0,22.0,,,,Oiled,Coils,,,0
1.5,1.5,,1520.0,,,,,10000.0,,610.0,610.0,,,340.0,380.0,28.0,,,,Hot Rolled,Coils,,Pickled and Oiled,0
0.97,1.05,,1620.0,,,,,,,,,,,310.0,220.0,36.0,,,ZF100,Galvannealed (+ZF),Coils,,,0
2.5,2.5,1070.0,,50.0,,100.0,,,,,,,,490.0,355.0,22.0,,,,,Coils,,,0
1.1,1.3,620.0,,,,,,,20000.0,,,,,340.0,180.0,34.0,,,Z100,Hot-dip Galvanized (+Z/+GI),Coils,"Minimized spangle, improved surface (MB)",Oiled (O),0
,,1250.0,1300.0,1000.0,,1000.0,,15000.0,20000.0,,,,,340.0,280.0,28.0,,,ZE25/25,Dry,Sheets,,,0
1.69,1.91,1150.0,1150.0,,,,,20000.0,20000.0,,,,,460.0,320.0,23.0,,,,,H-Sections,,,0
1.0,1.0,1500.0,1500.0,3000.0,,3000.0,,1000.0,1000.0,,,,,340.0,280.0,28.0,,,,1U,Sheets,,,0
4.0,4.0,600.0,1520.0,,,,,,60000.0,,,610.0,610.0,435.0,235.0,26.0,,,,Hot Rolled,Coils,,Oiled (O),0
1.15,1.25,992.0,1520.0,,,,,,25000.0,610.0,610.0,,,340.0,280.0,28.0,,,,Cold Rolled (+CR),Coils,,Lightly Oiled (L),0
1.4,1.55,,,,,,,,,,,,,385.0,350.0,22.0,,,Z225,Hot-dip Galvanized (+Z/+GI),Coils,"Minimized spangle, conventional surface (MA)",Chemically passivated (C),0
1.4,1.55,,,,,,,,,,,,,385.0,350.0,22.0,,,Z183,Hot-dip Galvanized (+Z/+GI),Coils,"Minimized spangle, conventional surface (MA)",Chemically passivated (C),0
15.0,25.0,610.0,610.0,,,,,,25000.0,,,,,435.0,235.0,26.0,,,,,Coils,,Oiled (O),0
2.5,2.5,,,,,,,24000.0,48000.0,,,,,550.0,420.0,23.0,,,,,Coils,,,0
1.5,1.5,1500.0,1500.0,3000.0,,3000.0,,1000.0,1000.0,,,,,340.0,280.0,28.0,,,,1U,Sheets,,,0
5.85,6.05,200.0,1520.0,,,,,,25000.0,,610.0,,,435.0,235.0,26.0,,,,Oiled,Coils,,,0
8.15,8.15,,,3000.0,,3000.0,,10000.0,10000.0,,,,,775.0,490.0,14.0,,230.0,,,Round Bars,,,2
1.75,1.75,15.0,25.0,,,,,,25000.0,,,,,435.0,235.0,26.0,,,,Stained,Coils,,Oiled (O),0
,,,1520.0,,,,,,25000.0,610.0,610.0,,,595.0,460.0,17.0,,,,Stained,Coils,,Oiled,0
,,,,,,,,,,610.0,610.0,,,490.0,355.0,22.0,,,,Oiled,,,,0
,,,1520.0,,,,,,25000.0,,,,,,,,,,,,Coils,,,0
2.42,2.58,610.0,1520.0,,,,,,25000.0,,,,,435.0,235.0,26.0,,,,Oiled,Coils,,,0
4.58,4.82,610.0,610.0,,,,,,25000.0,,,,,340.0,380.0,28.0,,,,Oiled,Coils,,,0
70.0,70.0,70.0,70.0,,,,,3000.0,4000.0,,,,,775.0,490.0,14.0,,230.0,,,Round Bars,,,2
70.0,70.0,70.0,70.0,,,,,3000.0,4000.0,,,,,775.0,490.0,14.0,,230.0,,,Round Bars,,,2
70.0,70.0,70.0,70.0,,,,,3000.0,4000.0,,,,,825.0,520.0,12.0,,240.0,,,Round Bars,,,2
70.0,70.0,70.0,70.0,,,,,3000.0,4000.0,,,,,775.0,,,,,,,Round Bars,,,2
,,110.0,110.0,5700.0,,5900.0,,7000.0,7000.0,,,,,705.0,430.0,16.0,,210.0,,As Rolled (+AR),Round Bars,,,2
,,135.0,135.0,5700.0,,5900.0,,40000.0,40000.0,,,,,705.0,430.0,16.0,,210.0,,As Rolled (+AR),Round Bars,,,2
,,190.0,190.0,6000.0,,6200.0,,48000.0,48000.0,,,,,705.0,430.0,16.0,,210.0,,As Rolled (+AR),Round Bars,,,2
,,135.0,135.0,5200.0,,5400.0,,54000.0,54000.0,,,,,1200.0,900.0,10.0,,35.5,,Quenched and Tempered (+QT),Round Bars,,,2
2.0,2.0,1500.0,1500.0,3000.0,,3000.0,,1000.0,1000.0,,,,,340.0,280.0,28.0,,,,1U,Sheets,,,0
3.0,3.0,1500.0,1500.0,3000.0,,3000.0,,1000.0,1000.0,,,,,340.0,380.0,28.0,,,,1U,Plates,,,0
12.0,12.0,1500.0,1500.0,3000.0,,3000.0,,25000.0,25000.0,,,,,435.0,235.0,26.0,,,,,Sheets,,,0
1.15,1.25,992.0,1520.0,,,,,,25000.0,610.0,610.0,,,340.0,280.0,28.0,,,,Cold Rolled (+CR),Coils,,Lightly Oiled (L),0
0.9,2.0,,,,,,,2000.0,25000.0,,,,,,,,,,AZ,Hot-dip Aluzinc (+AZ),Sheets,,,0
23.0,23.0,23.0,23.0,3050.0,,3200.0,,3000.0,3000.0,,,,,2100.0,,,,56.0,,"Soft Annealed (+A), As Rolled and Turned (+SH)",Round Bars,,,2
34.0,34.0,34.0,34.0,3050.0,,3200.0,,10000.0,10000.0,,,,,2100.0,,,,56.0,,"Soft Annealed (+A), As Rolled and Turned (+SH)",Round Bars,,,2
44.0,44.0,44.0,44.0,3050.0,,3200.0,,5000.0,5000.0,,,,,2100.0,,,,56.0,,"Soft Annealed (+A), As Rolled and Turned (+SH)",Round Bars,,,2
0.9,2.0,,,,,,,2000.0,25000.0,,,,,,,,,,ZF,Galvannealed (+ZF),Sheets,,,0
0.9,2.0,,,,,,,2000.0,25000.0,,,,,,,,,,ZM,Hot-dip zinc magnesium (+ZM),Sheets,,,0
0.9,2.0,,,,,,,2000.0,25000.0,,,,,,,,,,OC,Organic (+OC),Sheets,,,0
3.0,3.0,1500.0,1500.0,3000.0,,3000.0,,35000.0,35000.0,,,,,435.0,235.0,26.0,,,,,Sheets,,,0
0.8,1.2,,,,,,,,,,,,,,,,,,,,Sheets,,,0
0.9,2.0,,,,,,,2000.0,25000.0,,,,,465.0,320.0,17.0,,,,,Coils,,,0
3.0,3.0,,1520.0,,,,,10000.0,20000.0,610.0,610.0,,,340.0,280.0,28.0,,,,Slightly Oiled,Coils,,,0
1.4,1.5,,,,,,,300000.0,300000.0,,,,,390.0,220.0,20.0,,,Z100,Hot-dip Galvanized (+Z/+GI),Coils,,,0
3.9,4.1,,1520.0,,,,,,125000.0,610.0,,,,450.0,315.0,24.0,,,,Hot Rolled,Coils,,Pickled and Oiled,0
0.7,0.7,,,,,,,40000.0,50000.0,,,,,310.0,210.0,38.0,,,ZE75/75,Electro-Galvanized (+ZE),Coils,,Dry,0
1.2,1.2,,,,,,,50000.0,80000.0,,,,,290.0,180.0,40.0,,,Z140,Hot-dip Galvanized (+Z/+GI),Coils,"Minimized spangle, improved surface (MB)",Oiled (O),0
4.0,4.0,2000.0,2000.0,4000.0,,4000.0,,,,,,,,435.0,235.0,26.0,,,,,Sheets,,,0
1.1,1.15,,,,,,,,,,,,,635.0,450.0,17.0,,,GD,,Coils,,,0
25.0,25.0,1500.0,1500.0,3000.0,,3000.0,,24000.0,24000.0,,,,,435.0,235.0,26.0,,,,,Sheets,,,0
2.5,2.5,,,,,,,,,,,,,550.0,420.0,23.0,,,,,Coils,,,0
1.1,1.15,,,,,,,,,,,,,550.0,350.0,22.0,,,GD,,Coils,,,0
0.77,0.87,1250.0,1250.0,,,,,20000.0,20000.0,,,,,310.0,210.0,38.0,,,ZM060,,Slit Coils,,,0
0.77,0.87,1250.0,1250.0,,,,,20000.0,20000.0,,,,,310.0,210.0,38.0,,,ZF080,,Slit Coils,,,0
,,,1500.0,,,,,50000.0,50000.0,,,,,550.0,420.0,19.0,,,,,Coils,,,0
1.5,1.5,,,,,,,25000.0,25000.0,,,,,,,,,,ZM100,,Coils,,,0
1.5,1.5,,,,,,,25000.0,25000.0,,,,,,,,,,ZM310,,Coils,,,0
1.15,1.25,500.0,,,,,,,,,,,,380.0,240.0,29.0,,,GI50/50,Hot-dip Galvanized (+GI),Coils,Without surface treatment (U),Oiled (O),0
37.0,37.0,37.0,37.0,6000.0,,6000.0,,5000.0,5000.0,,,,,1300.0,900.0,10.0,,39.5,,As Rolled (+AR),Round Bars,,,2
6.0,6.0,1070.0,1070.0,,,,,,,,,,,,,,,,,,Slabs,,,0
8.0,8.0,1070.0,1070.0,,,,,,,,,,,,,,,,,,Slabs,,,0
40.0,40.0,,,,,,,12000.0,12000.0,,,,,1200.0,900.0,10.0,,35.5,,Quenched and Tempered (+QT),Round Bars,,,2
110.0,110.0,110.0,110.0,5700.0,,5900.0,,7000.0,7000.0,,,,,705.0,430.0,16.0,,210.0,,As Rolled (+AR),Round Bars,,,2
135.0,135.0,135.0,135.0,5700.0,,5900.0,,40000.0,40000.0,,,,,705.0,430.0,16.0,,210.0,,As Rolled (+AR),Round Bars,,,2
190.0,190.0,190.0,190.0,6000.0,,6200.0,,48000.0,48000.0,,,,,705.0,430.0,16.0,,210.0,,As Rolled (+AR),Round Bars,,,2
6.0,6.0,750.0,750.0,,,,,12000.0,12000.0,,,,,525.0,275.0,22.0,,,,,Slit Coils,,,0
0.9,0.9,1250.0,1320.0,,,,,,,,,,,380.0,210.0,32.0,,,,,Sheets,,,0
0.9,0.9,1250.0,1320.0,,,,,,,,,,,380.0,240.0,29.0,,,,,Sheets,,,0
10.0,10.0,750.0,750.0,,,,,20000.0,20000.0,,,,,525.0,275.0,22.0,,,,,Slit Coils,,,0
8.0,8.0,750.0,750.0,,,,,16000.0,16000.0,,,,,525.0,275.0,22.0,,,,,Slit Coils,,,0
2.0,2.0,1500.0,1500.0,,,,,,,,,,,385.0,350.0,22.0,,,Z275,Hot-dip Galvanized (+Z/+GI),Coils,"Minimized spangle, conventional surface (MA)",Chemically passivated (C),0
0.9,0.9,1500.0,1600.0,,,,,,,,,,,380.0,210.0,32.0,,,,,Sheets,,,0
0.9,0.9,1500.0,1600.0,,,,,,,,,,,380.0,240.0,29.0,,,,,Sheets,,,0
,,,,,,,,48000.0,48000.0,,,,,550.0,350.0,22.0,,,,,,,,0
12.0,12.0,1500.0,1500.0,3000.0,,3000.0,,25000.0,25000.0,,,,,485.0,275.0,23.0,,,,,Sheets,,,0
,,,,,,,,,,,,,,,,,,,,,,,,0
4.0,4.0,1500.0,1500.0,3000.0,,3000.0,,1000.0,1000.0,,,,,340.0,380.0,28.0,,,,1U,Plates,,,0
5.0,5.0,1500.0,1500.0,3000.0,,3000.0,,1000.0,1000.0,,,,,340.0,380.0,28.0,,,,1U,Plates,,,0
6.0,6.0,1500.0,1500.0,3000.0,,3000.0,,1000.0,1000.0,,,,,435.0,235.0,26.0,,,,,Plates,,,0
,,,,,,,,,,,,,,340.0,380.0,28.0,,,,,Strips,,,0
1.0,1.0,1404.0,,,,,,24000.0,24000.0,,,,,385.0,350.0,22.0,,,AZ150,Aluzinc (+AZ),Coils,,,0
0.77,0.87,1250.0,1250.0,,,,,20000.0,20000.0,,,,,310.0,210.0,38.0,,,ZE20/20,Electro-Galvanized (+ZE),Slit Coils,,,0
0.9,0.9,1500.0,1600.0,,,,,,,,,,,385.0,350.0,22.0,,,Z140,Hot-dip Galvanized (+Z/+GI),Sheets,,,0
3.0,3.0,,1520.0,,,,,,50000.0,610.0,,,,550.0,420.0,23.0,,,Z140,Hot-dip Galvanized (+Z/+GI),Coils,,,0
1.5,1.5,1500.0,1500.0,,,,,,24000.0,,,,,385.0,350.0,22.0,,,Z275,Hot-dip Galvanized (+Z/+GI),Coils,,,0
1.8,1.8,,1520.0,,,,,10000.0,25000.0,610.0,,,,310.0,210.0,38.0,,,,Cold Rolled,Coils,,Lightly Oiled (L),0
1.0,1.0,1250.0,1250.0,,,,,,,,,,,340.0,280.0,28.0,,,,,Sheets,"Minimized spangle, conventional surface (MA)",Oiled (O),0
1.2,1.2,1250.0,1250.0,,,,,,,,,,,340.0,280.0,28.0,,,,,Sheets,"Minimized spangle, conventional surface (MA)",Oiled (O),0
2.0,2.0,1250.0,1500.0,,,,,60000.0,60000.0,,,,,385.0,350.0,22.0,,,ZM430,,Coils,,,0
2.0,2.0,1250.0,1500.0,,,,,60000.0,60000.0,,,,,500.0,350.0,16.0,,,ZM430,,Coils,,,0
2.0,2.0,150.0,150.0,,,,,60000.0,60000.0,,,,,385.0,350.0,22.0,,,ZM430,,Strips,,,0
2.0,2.0,150.0,150.0,,,,,60000.0,60000.0,,,,,500.0,350.0,16.0,,,ZM430,,Strips,,,0
5.0,5.0,1500.0,1500.0,3000.0,,3000.0,,40000.0,40000.0,,,,,435.0,235.0,26.0,,,,,Sheets,,,0
6.0,6.0,1500.0,1500.0,3000.0,,3000.0,,70000.0,70000.0,,,,,435.0,235.0,26.0,,,,,Plates,,,0
8.0,8.0,3000.0,3000.0,12000.0,,12000.0,,36000.0,36000.0,,,,,550.0,355.0,22.0,,,,,Plates,,,0
,,600.0,1520.0,,,,,20000.0,25000.0,,,,,310.0,210.0,38.0,,,,Cold Rolled (+CR),Coils,,Lightly Oiled (L),0
2.24,2.3,,1520.0,,,,,,25000.0,610.0,610.0,,,340.0,280.0,28.0,,,,Cold Rolled,Coils,,Oiled (O),0
2.3,2.3,800.0,,,,,,,,,,,,550.0,420.0,23.0,,,,,Coils,,,0
2.3,2.3,800.0,,,,,,,,,,,,515.0,380.0,23.0,,,,,Coils,,,0
1.14,1.26,,,,,,,50000.0,50000.0,,,,,550.0,420.0,23.0,,,,,Coils,,,0
3.8,4.0,500.0,,,,,,20000.0,20000.0,,,,,340.0,380.0,28.0,,,,,Slabs,,,0
1.61,1.79,,,,,,,,,,,,,300.0,180.0,42.0,,,,,Coils,,,0
1.5,1.5,,,,,,,,,,,,,625.0,500.0,19.0,,,,Cold Rolled,Coils,,,0
1.5,1.5,,,,,,,,,,,,,680.0,550.0,17.0,,,,Cold Rolled,Coils,,,2
2.0,2.0,,,,,,,,,,,,,790.0,650.0,12.0,,,,Hot Rolled,Coils,,,2
2.0,2.0,,,,,,,,,,,,,850.0,700.0,12.0,,,,Hot Rolled,Coils,,,2
1.5,1.5,,,,,,,,,,,,,625.0,500.0,14.0,,,,Hot Rolled,Coils,,,2
0.5,0.5,,,,,,,,,,,,,385.0,350.0,22.0,,,Z275,Hot-dip Galvanized (+Z/+GI),Coils,"Minimized spangle, conventional surface (MA)",Chemically passivated (C),0
148.0,148.0,1500.0,1500.0,6000.0,,6000.0,,,,,,,,1400.0,1200.0,,,450.0,,,Plates,,,2
162.0,162.0,1500.0,1500.0,6000.0,,6000.0,,,,,,,,1400.0,1200.0,,,450.0,,,Plates,,,2
0.9,0.9,,,,,,,60000.0,60000.0,,,,,310.0,220.0,36.0,,,AS050,,,,,0
0.9,0.9,,,,,,,60000.0,60000.0,,,,,310.0,220.0,36.0,,,AS060,,,,,0
0.9,0.9,,,,,,,60000.0,60000.0,,,,,310.0,220.0,36.0,,,AS080,,,,,0
0.9,0.9,,,,,,,60000.0,60000.0,,,,,310.0,220.0,36.0,,,AS100,,,,,0
0.9,0.9,,,,,,,60000.0,60000.0,,,,,310.0,220.0,36.0,,,AS120,,,,,0
0.9,0.9,,,,,,,60000.0,60000.0,,,,,325.0,260.0,30.0,,,AS050,,,,,0
0.9,0.9,,,,,,,60000.0,60000.0,,,,,325.0,260.0,30.0,,,AS060,,,,,0
0.9,0.9,,,,,,,60000.0,60000.0,,,,,325.0,260.0,30.0,,,AS080,,,,,0
3.0,3.0,,,,,,,,,,,,,465.0,320.0,17.0,,,Z275,Hot-dip Galvanized (+Z/+GI),Coils,"Minimized spangle, conventional surface (MA)",Chemically passivated (C),0
0.5,0.5,1000.0,1000.0,,,,,1000.0,1000.0,,,,,385.0,350.0,22.0,,,Z275,Hot-dip Galvanized (+Z/+GI),Sheets,,,0
0.6,0.6,1000.0,1000.0,,,,,1000.0,1000.0,,,,,385.0,350.0,22.0,,,Z275,Hot-dip Galvanized (+Z/+GI),Sheets,,,0
0.45,0.45,1250.0,1250.0,,,,,8000.0,8000.0,,,7016.0,7016.0,385.0,350.0,22.0,,,Z200,Hot-dip Galvanized (+Z/+GI),Coils,,,3
0.6,0.6,1200.0,,,,,,,25000.0,,,,,430.0,300.0,27.0,,,Z100,Hot-dip Galvanized (+Z/+GI),Coils,"Minimized spangle, conventional surface (MA)",Chemically passivated (C),0
4.0,4.0,1500.0,1500.0,3000.0,,3000.0,,,24000.0,,,,,435.0,235.0,26.0,,,,Hot Rolled,Sheets,,,0
2.0,2.0,,,,,,,18000.0,25000.0,,,,,400.0,260.0,27.0,,,,Cold Rolled,Coils,,Lightly Oiled (L),0
0.9,0.9,,,,,,,60000.0,60000.0,,,,,325.0,260.0,30.0,,,AS100,,,,,0
0.9,0.9,,,,,,,60000.0,60000.0,,,,,325.0,260.0,30.0,,,AS120,,,,,0
1.2,1.2,,,,,,,10000.0,10000.0,,,,,310.0,220.0,36.0,,,AS050,,,,,0
1.2,1.2,,,,,,,10000.0,10000.0,,,,,310.0,220.0,36.0,,,AS060,,,,,0
1.2,1.2,,,,,,,10000.0,10000.0,,,,,310.0,220.0,36.0,,,AS080,,,,,0
1.2,1.2,,,,,,,10000.0,10000.0,,,,,310.0,220.0,36.0,,,AS100,,,,,0
1.2,1.2,,,,,,,10000.0,10000.0,,,,,310.0,220.0,36.0,,,AS120,,,,,0
1.2,1.2,,,,,,,10000.0,10000.0,,,,,325.0,260.0,30.0,,,AS050,,,,,0
1.2,1.2,,,,,,,10000.0,10000.0,,,,,325.0,260.0,30.0,,,AS060,,,,,0
1.2,1.2,,,,,,,10000.0,10000.0,,,,,325.0,260.0,30.0,,,AS080,,,,,0
1.2,1.2,,,,,,,10000.0,10000.0,,,,,325.0,260.0,30.0,,,AS100,,,,,0
1.2,1.2,,,,,,,10000.0,10000.0,,,,,325.0,260.0,30.0,,,AS120,,,,,0
,,,,,,,,,,,,,,500.0,350.0,16.0,,,ZM310,,,,,0
1.8,1.8,,,,,,,18000.0,25000.0,,,,,310.0,220.0,36.0,,,Z100,Hot-dip Galvanized (+Z/+GI),Coils,,,0
5.5,5.7,600.0,1550.0,,,,,,,,,,,550.0,420.0,19.0,,,,Oiled,Plates,,,0
4.0,4.08,600.0,1550.0,,,,,,,,,,,680.0,550.0,15.0,,,,Oiled,Sheets,,,2
4.0,4.08,600.0,1550.0,,,,,,,,,,,735.0,600.0,13.0,,,,Oiled,Sheets,,,2
1.5,1.5,600.0,1550.0,,,,,,,,,,,310.0,280.0,38.0,,,,Oiled,Sheets,,,0
3.15,3.35,600.0,1550.0,,,,,,,,,,,625.0,500.0,14.0,,,,Oiled,Sheets,,,2
3.15,3.35,600.0,1550.0,,,,,,,,,,,680.0,550.0,15.0,,,,Oiled,Sheets,,,2
3.0,3.0,600.0,1520.0,,,,,,25000.0,610.0,610.0,,,595.0,460.0,17.0,,,,Hot Rolled,Coils,,Oiled (O),0
1.2,1.2,806.0,,,,,,,,,,,,550.0,420.0,23.0,,,,Cold Rolled (+CR),Coils,,,0
1.14,1.26,600.0,,,,,,50000.0,50000.0,,,,,550.0,420.0,23.0,,,,,Coils,,,0
4.0,4.0,,1520.0,,,,,,25000.0,610.0,610.0,,,435.0,235.0,26.0,,,,,Coils,,Oiled (O),0
3.0,3.0,2000.0,2000.0,6000.0,,6000.0,,30000.0,30000.0,,,,,490.0,355.0,22.0,,,,Hot Rolled,Sheets,,,0
3.8,4.0,500.0,,,,,,20000.0,20000.0,,,,,435.0,235.0,26.0,,,,,Slabs,,,0
2.5,2.58,600.0,1550.0,,,,,,,,,,,340.0,380.0,28.0,,,,Oiled,Sheets,,,0
2.5,2.58,600.0,1550.0,,,,,,,,,,,340.0,280.0,28.0,,,,Oiled,Sheets,,,0
2.5,2.58,600.0,1550.0,,,,,,,,,,,435.0,235.0,26.0,,,,Oiled,Sheets,,,0
2.55,2.65,600.0,1550.0,,,,,,,,,,,490.0,355.0,22.0,,,,Oiled,Sheets,,,0
18.0,18.0,1450.0,1450.0,9880.0,,10150.0,,300000.0,300000.0,,,,,490.0,355.0,22.0,,,,,Plates,,,0
6.0,6.0,20.9,20.9,,,,,11000.0,11000.0,,,,,490.0,265.0,22.0,,,,,Flat Bars,,,0
6.0,6.0,43.2,43.2,,,,,1500.0,1500.0,,,,,490.0,265.0,22.0,,,,,Flat Bars,,,0
6.0,6.0,40.9,40.9,,,,,5000.0,5000.0,,,,,490.0,265.0,22.0,,,,,Flat Bars,,,0
6.0,6.0,60.9,60.9,,,,,7500.0,7500.0,,,,,490.0,265.0,22.0,,,,,Flat Bars,,,0
6.0,6.0,2000.0,2000.0,6000.0,,6000.0,,23000.0,23000.0,,,,,435.0,235.0,26.0,,,,,Sheets,,,0
8.0,8.0,2000.0,2000.0,6000.0,,6000.0,,3080.0,3080.0,,,,,550.0,355.0,22.0,,,,,Sheets,,,0
12.0,12.0,1500.0,1500.0,3000.0,,3000.0,,24000.0,24000.0,,,,,850.0,700.0,12.0,,,,,Sheets,,,2
5.3,5.5,600.0,1550.0,,,,,,,,,,,490.0,355.0,22.0,,,,Oiled,Coils,,,0
5.5,5.7,600.0,1550.0,,,,,,,,,,,550.0,420.0,19.0,,,,Oiled,Coils,,,0
4.0,4.08,600.0,1550.0,,,,,,,,,,,680.0,550.0,15.0,,,,Oiled,Coils,,,2
4.0,4.08,600.0,1550.0,,,,,,,,,,,735.0,600.0,13.0,,,,Oiled,Coils,,,2
1.5,1.5,600.0,1550.0,,,,,,,,,,,310.0,280.0,38.0,,,,Oiled,Coils,,,0
3.15,3.35,600.0,1550.0,,,,,,,,,,,625.0,500.0,14.0,,,,Oiled,Coils,,,2
3.15,3.35,600.0,1550.0,,,,,,,,,,,680.0,550.0,15.0,,,,Oiled,Coils,,,2
0.6,0.6,1500.0,1500.0,,,,,,,,,,,340.0,280.0,28.0,,,,Cold Rolled,Coils,Conventional surface (A),Oiled (O),0
1.25,1.25,1250.0,1250.0,,,,,,,,,,,340.0,280.0,28.0,,,ZV25/25,,Coils,Conventional surface (A),Phosphated (P),0
4.0,4.0,1425.0,,,,,,,25000.0,,,,,310.0,240.0,38.0,,,,Hot Rolled,Coils,,Pickled and Oiled,0
1.6,1.6,1500.0,1500.0,,,,,1000000.0,1000000.0,,,,,435.0,235.0,26.0,,,,+HR,Sheets,,,0
1.6,1.6,1500.0,1500.0,,,,,1000000.0,1000000.0,,,,,435.0,235.0,26.0,,,,,Sheets,,,0
0.3,0.3,1250.0,1250.0,,,,,500000.0,500000.0,,,,,340.0,280.0,28.0,,,,,Sheets,,,0
2.1,2.1,1250.0,1250.0,,,,,1000000.0,1000000.0,,,,,500.0,350.0,16.0,,,ZM310,,Sheets,,,0
2.5,2.58,600.0,1550.0,,,,,,,,,,,340.0,380.0,28.0,,,,Oiled,Coils,,,0
2.5,2.58,600.0,1550.0,,,,,,,,,,,340.0,280.0,28.0,,,,Oiled,Coils,,,0
2.5,2.58,600.0,1550.0,,,,,,,,,,,435.0,235.0,26.0,,,,Oiled,Coils,,,0
2.55,2.65,600.0,1550.0,,,,,,,,,,,490.0,355.0,22.0,,,,Oiled,Coils,,,0
12.0,25.0,,1520.0,,,,,,25000.0,610.0,610.0,,,550.0,355.0,22.0,,,,Oiled,Coils,,,0
12.0,25.0,,1520.0,,,,,,25000.0,610.0,610.0,,,600.0,420.0,19.0,,,,Oiled,Coils,,,2
3.4,3.6,610.0,1520.0,,,,,25000.0,35000.0,610.0,610.0,,,680.0,550.0,15.0,,,,Oiled,Coils,,,2
2.4,2.6,600.0,1520.0,,,,,20000.0,25000.0,610.0,610.0,,,340.0,380.0,28.0,,,,Hot Rolled,Coils,,Oiled (O),0
4.0,4.0,,,,,,,2500.0,5000.0,,,,,460.0,340.0,24.0,,,,+A,Blanks,,,0
1.8,1.8,,,,,,,18000.0,25000.0,,,,,310.0,220.0,36.0,,,Z140,Hot-dip Galvanized (+Z/+GI),Coils,,,0
,,,1520.0,,,,,,25000.0,610.0,610.0,,,340.0,280.0,28.0,,,,Lightly Oiled (L),Slit Coils,,,0
,,,1520.0,,,,,,25000.0,610.0,610.0,,,310.0,210.0,38.0,,,,Lightly Oiled (L),Slit Coils,,,0
,,,,,,,,,,,,,,310.0,280.0,38.0,,,,,Strips,,,0
0.8,0.8,1250.0,1250.0,,,,,24000.0,24000.0,,,,,385.0,350.0,22.0,,,AZ185,Aluzinc (+AZ),Coils,,,0
2.5,2.5,1250.0,1250.0,,,,,35000.0,35000.0,,,,,385.0,350.0,22.0,,,AZ150,Aluzinc (+AZ),Coils,,,0
,,,,,,,,,,,,,,,,,,,GA100/100,Galvannealed (+ZF/+GA),Coils,,,0
,,,,,,,,,,,,,,,,,,,,Oiled (O),Coils,,,0
,,1000.0,1000.0,,,,,,25000.0,,,,,310.0,220.0,36.0,,,Z140,Hot-dip Galvanized (+Z/+GI),Slit Coils,,Oiled,0
,,1750.0,1750.0,,,,,,25000.0,,,,,310.0,220.0,36.0,,,Z275,Hot-dip Galvanized (+Z/+GI),Coils,,Oiled,0
,,2000.0,2000.0,,,,,,25000.0,,,,,310.0,220.0,36.0,,,Z275,Hot-dip Galvanized (+Z/+GI),Coils,,Oiled,0
1.4,1.4,720.0,,,,,,,,,,,,400.0,260.0,31.0,,,Z10,Hot-dip Galvanized (+Z/+GI),Coils,,,0
,,,,,,,,,,,,,,,,,,,,Dry,Coils,,,0
1.4,1.55,,,,,,,,,,,,,385.0,350.0,22.0,,,Z275,Hot-dip Galvanized (+Z/+GI),Coils,"Minimized spangle, conventional surface (MA)",Chemically passivated (C),0
0.97,1.05,7.0,10.0,,,,,,,,,,,310.0,220.0,36.0,,,ZF090,Galvannealed (+ZF/+GA),Sheets,,,0
3.05,3.35,,1520.0,,,,,,25000.0,610.0,610.0,,,490.0,355.0,22.0,,,,Hot Rolled,Coils,,Pickled and Oiled,0
0.97,1.05,,1620.0,,,,,7000.0,10000.0,,,,,310.0,220.0,36.0,,,ZF080,Galvannealed (+ZF/+GA),Sheets,,,0
1.4,1.55,,,,,,,,,,,,,385.0,350.0,22.0,,,Z250,Hot-dip Galvanized (+Z/+GI),Coils,"Minimized spangle, conventional surface (MA)",Chemically passivated (C),0
2.5,2.5,,1520.0,,,,,25000.0,120000.0,610.0,610.0,,,435.0,235.0,26.0,,,,Hot Rolled,Coils,,Pickled and Oiled,0
2.5,2.5,,,,,,,10000.0,10000.0,,,,,490.0,355.0,22.0,,,,Hot Rolled,Coils,,,0
0.35,0.4,,,,,,,24000.0,24000.0,,,,,385.0,350.0,22.0,,,Z040,Hot-dip Galvanized (+Z),Coils,,,0
0.45,0.6,1350.0,1350.0,,,,,,,,,,,340.0,280.0,28.0,,,,Cold Rolled,Coils,,,0
0.36,0.44,1200.0,1200.0,,,,,,,,,,,460.0,340.0,26.0,,,,+A,Strips,,,0
1.83,2.17,1175.0,1175.0,,,,,,,,,,,435.0,235.0,26.0,,,,+AR Pickled,Plates,,,0
0.6,0.6,1500.0,1500.0,,,,,48000.0,48000.0,,,,,385.0,350.0,22.0,,,Z275,Hot-dip Galvanized (+Z/+GI),Coils,,,0
3.9,3.9,1390.0,,,,,,,,,,,,310.0,240.0,38.0,,,,Hot Rolled,Coils,,Pickled and Oiled,0
3.8,3.8,1342.0,1342.0,,,,,50000.0,50000.0,,,,,925.0,,,,,,,Plates,,,0
15.0,15.0,1500.0,1500.0,3000.0,,3000.0,,2500.0,2500.0,,,,,550.0,355.0,22.0,,,,,Plates,,,0
20.0,20.0,1500.0,1500.0,3000.0,,3000.0,,2500.0,2500.0,,,,,550.0,355.0,22.0,,,,,Plates,,,0
3.0,3.0,1250.0,1250.0,,,,,500000.0,500000.0,,,,,590.0,550.0,12.0,,,ZM620,,Plates,,,2
1.7,1.7,743.0,743.0,,,,,25000.0,25000.0,,,,,380.0,240.0,29.0,,,,Cold Rolled,Coils,,,0
1.7,1.7,743.0,743.0,,,,,25000.0,25000.0,,,,,400.0,260.0,29.0,,,,Cold Rolled,Coils,,,0
12.0,24.0,,1520.0,,,,,,25000.0,,,610.0,610.0,625.0,500.0,14.0,,,,Oiled,Coils,,,2
2.8,2.8,600.0,1520.0,,,,,15000.0,25000.0,,,610.0,610.0,735.0,600.0,13.0,,,,Hot Rolled,Coils,,Oiled (O),2
0.45,0.55,1118.0,1118.0,,,,,20000.0,20000.0,,,,,485.0,280.0,23.0,,,,,Sheets,,,0
2.15,2.15,448.0,448.0,,,,,2000.0,2000.0,,,,,460.0,340.0,26.0,,,Z100,Hot-dip Galvanized (+Z/+GI),Slit Coils,"Minimized spangle, improved surface (MB)",Oiled (O),0
1.0,1.0,1010.0,1010.0,,,,,6000.0,6000.0,,,,,310.0,210.0,34.0,,,GI50/50,Hot-dip Galvanized (+Z/+GI),Coils,Unexposed (intenal parts) (U),,0
1.2,1.2,1490.0,1490.0,,,,,10000.0,10000.0,,,,,460.0,340.0,26.0,,,Z200,Hot-dip Galvanized (+Z/+GI),Coils,"Minimized spangle, improved surface (MB)",Without surface treatment (U),0
1.0,1.0,990.0,990.0,,,,,15000.0,15000.0,,,,,380.0,220.0,32.0,,,GI50/50,Hot-dip Galvanized (+Z/+GI),Coils,,,0
1.4,1.55,,,,,,,,,,,,,385.0,350.0,22.0,,,Z100,Hot-dip Galvanized (+Z/+GI),Coils,"Minimized spangle, conventional surface (MA)",Chemically passivated (C),0
2.5,2.5,1250.0,1250.0,,,,,15000.0,15000.0,,,,,310.0,220.0,36.0,,,Z275,Hot-dip Galvanized (+Z/+GI),Coils,"Minimized spangle, conventional surface (MA)",Chemically passivated (C),0
3.0,3.0,,,,,,,20000.0,25000.0,,,,,,,,,,,Galvanized,Coils,,,0
3.0,3.0,1270.0,1520.0,,,,,25000.0,50000.0,610.0,610.0,,,625.0,500.0,14.0,,,,Oiled,Coils,,,2
2.95,3.05,1000.0,1000.0,,,,,15000.0,20000.0,,,,,340.0,280.0,28.0,,,ZE25/25,Electro-Galvanized (+ZE),Coils,Conventional surface (A),Phosphated and chemically passivated (PC),0
1.0,1.0,265.0,540.0,,,,,,,,,,,310.0,220.0,36.0,,,AZ150,Aluzinc (+AZ),Sheets,,O,0
,,,,,,,,,,,,,,385.0,350.0,22.0,,,AZ150,Aluzinc (+AZ),Sheets,,,0
,,1500.0,1500.0,1000.0,,1000.0,,25000.0,25000.0,,,,,310.0,210.0,38.0,,,ZE25/25,Electro-Galvanized (+ZE),Coils,Phosphated (P),Without surface treatment (U),0
1.8,1.8,,,,,,,200000.0,200000.0,,,,,385.0,350.0,22.0,,,Z100,Hot-dip Galvanized (+Z/+GI),Coils,,,0
1.4,1.4,128.0,128.0,,,,,18000.0,18000.0,,,,,,,,,,Z140,Hot-dip Galvanized (+Z/+GI),Strips,,,0
1.4,1.4,119.0,119.0,,,,,14000.0,14000.0,,,,,,,,,,Z140,Hot-dip Galvanized (+Z/+GI),Strips,,,0
1.4,1.4,117.0,117.0,,,,,10000.0,10000.0,,,,,,,,,,Z140,Hot-dip Galvanized (+Z/+GI),Strips,,,0
5.7,6.36,1500.0,1500.0,3000.0,,3015.0,,,,,,,,850.0,700.0,12.0,,,,Hot Rolled,Sheets,,Lightly Oiled (L),2
0.45,0.6,1350.0,1350.0,,,,,,,,,,,385.0,350.0,22.0,,,,Hot-dip Galvanized (+Z/+GI),Coils,,,0
1.4,1.4,1250.0,1250.0,,,,,8000.0,12000.0,,,,,500.0,350.0,16.0,,,Z115,Hot-dip Galvanized (+Z/+GI),Coils,,,0
5.0,5.0,1500.0,1500.0,3000.0,,3000.0,,2500.0,2500.0,,,,,550.0,355.0,22.0,,,,,Plates,,,0
2.0,2.4,1000.0,1000.0,,,,,,,,,,,460.0,340.0,26.0,,,,,Coils,,,0
2.0,2.4,1000.0,1000.0,,,,,,,,,,,430.0,300.0,27.0,,,,,Coils,,,0
,,,,,,,,,,610.0,610.0,,,735.0,600.0,13.0,,,,Oiled,Coils,,,2
,,,1520.0,,,,,,25000.0,,,,,,,,,,,Stained,Coils,,,0
4.85,4.99,,1520.0,,,,,,25000.0,610.0,610.0,,,735.0,600.0,13.0,,,,Stained,Coils,,Oiled,2
,,,,,,,,,,610.0,610.0,,,595.0,460.0,17.0,,,,Oiled,,,,0
,,,1520.0,,,,,,25000.0,,,,,,,,,,,,Coils,,,0
,,,1520.0,,,,,,25000.0,,,,,625.0,500.0,14.0,,,,Oiled,Coils,,,2
,,,1520.0,,,,,,25000.0,,,,,,,,,,,,Coils,,,0
,,10.0,25.0,,,,,,,,,,,435.0,235.0,26.0,,,,Oiled,Strips,,,0
,,,1520.0,,,,,,25000.0,,,,,,,,,,,,Coils,,,0
3.0,3.0,,,,,,,,,,,,,515.0,380.0,23.0,,,,,Plates,,,0
1.0,1.0,,,,,,,,,,,,,380.0,240.0,29.0,,,ZM35/35,,Plates,Without surface treatment (U),Oiled (O),0
2.5,2.5,,,,,,,,,,,,,460.0,340.0,26.0,,,,,Plates,,,0
3.0,3.0,1250.0,1250.0,,,,,,,,,,,550.0,420.0,19.0,,,,,Plates,Phosphated (P),Oiled (O),0
10.0,25.0,610.0,1520.0,,,,,,25000.0,,,,,310.0,280.0,38.0,,,,Oiled,Coils,,,0
15.0,25.0,610.0,1520.0,,,,,,25000.0,,,,,,,,,,,NK,Coils,,,0
,,25.0,60.0,,,,,,,610.0,610.0,,,340.0,380.0,28.0,,,,,,Oiled (O),,0
3.92,4.08,600.0,1520.0,,,,,,25000.0,,,610.0,610.0,680.0,550.0,15.0,,,,Hot Rolled,Coils,,Oiled (O),2
4.0,4.0,208.6,208.6,,,,,8000.0,8000.0,,,,,515.0,380.0,23.0,,,,,Strips,,,0
4.0,4.0,208.6,208.6,,,,,8000.0,8000.0,,,,,550.0,420.0,21.0,,,,,Strips,,,0
4.0,4.0,208.6,208.6,,,,,8000.0,8000.0,,,,,430.0,300.0,25.0,,,,,Strips,,,0
0.9,0.9,1150.0,,,,,,50000.0,50000.0,,,,,430.0,300.0,27.0,,,Z100,Hot-dip Galvanized (+Z/+GI),Coils,"Minimized spangle, conventional surface (MA)",Chemically passivated (C),0
19.0,19.0,,,6000.0,,6000.0,,8000.0,8000.0,,,,,1300.0,1000.0,10.0,,39.5,,As Rolled (+AR),Round Bars,,,2
1.4,1.55,,,,,,,,,,,,,385.0,350.0,22.0,,,Z200,Hot-dip Galvanized (+Z/+GI),Coils,"Minimized spangle, conventional surface (MA)",Chemically passivated (C),0
0.75,0.8,1000.0,1500.0,,,,,48000.0,48000.0,,,,,385.0,350.0,22.0,,,ZM310,,Coils,,,0
,,85.0,85.0,6000.0,,6000.0,,6000.0,6000.0,,,,,600.0,320.0,10.0,,175.0,,As Rolled (+AR),Round Bars,,,2
3.5,3.5,,1520.0,,,,,,25000.0,610.0,610.0,,,435.0,235.0,26.0,,,,,Coils,Oiled (O),,0
1.73,1.8,,1520.0,,,,,,25000.0,,,,,310.0,210.0,38.0,,,,Oiled,Slit Coils,,,0
2.0,2.0,1125.0,,,,,,,,,,,,850.0,700.0,12.0,,,,Hot Rolled,Coils,,Pickled and Oiled,2
3.9,4.1,,1520.0,,,,,,25000.0,610.0,610.0,,,450.0,315.0,24.0,,,,Oiled,Coils,,,0
,,610.0,610.0,,,,,,,,,,,435.0,235.0,26.0,,,,Oiled,,,,0
2.0,2.0,,,,,,,25000.0,25000.0,,,,,515.0,380.0,23.0,,,ZE50/50,Electro-Galvanized (+ZE),Coils,,,0
1.4,1.4,,,,,,,,25000.0,,,,,385.0,350.0,22.0,,,Z140,Hot-dip Galvanized (+Z/+GI),Coils,,Chemically passivated (C),0
1.9,1.9,,,,,,,,25000.0,,,,,385.0,350.0,22.0,,,Z140,Hot-dip Galvanized (+Z/+GI),Coils,,Chemically passivated (C),0
2.5,2.5,,,,,,,,25000.0,,,,,385.0,350.0,22.0,,,Z140,Hot-dip Galvanized (+Z/+GI),Coils,,Chemically passivated (C),0
3.0,3.0,,,,,,,,25000.0,,,,,385.0,350.0,22.0,,,Z140,Hot-dip Galvanized (+Z/+GI),Coils,,Chemically passivated (C),0
1.15,1.15,712.0,,,,,,,,,,,,880.0,420.0,17.0,,,,Hot-dip Galvanized (+Z/+GI),Coils,"Minimized spangle, improved surface (MB)",Oiled (O),2
1.2,1.2,800.0,,,,,,,,,,,,310.0,210.0,38.0,,,,Cold Rolled,Coils,,,0
,,,1520.0,,,,,,25000.0,,,,,,,,,,,,Coils,,,0
,,40.0,60.0,,,,,,25000.0,610.0,610.0,,,490.0,355.0,22.0,,,,oiled,Coils,,,0
,,40.0,60.0,,,,,,25000.0,610.0,610.0,,,550.0,420.0,19.0,,,,oiled,Coils,,,2
2.5,2.5,1276.0,,,,,,,,,,,,340.0,180.0,36.0,,,GI50/50,Hot-dip Galvanized (+Z/+GI),Coils,"Minimized spangle, improved surface (MB)",Oiled (O),0
0.6,0.6,1502.0,,,,,,25000.0,,,,,,430.0,300.0,27.0,,,Z100,Hot-dip Galvanized (+Z/+GI),Coils,"Minimized spangle, conventional surface (MA)",Chemically passivated (C),0
,5.2,,,,,,,48000.0,48000.0,,,,,1575.0,1050.0,5.0,,45.5,,,Coils,,,2
,5.2,,,,,,,48000.0,48000.0,,,,,1575.0,1050.0,5.0,,45.5,,,Coils,,,2
1.4,1.55,,,,,,,,,,,,,385.0,350.0,22.0,,,Z180,Hot-dip Galvanized (+Z/+GI),Coils,"Minimized spangle, conventional surface (MA)",Chemically passivated (C),0
2.7,2.9,610.0,1520.0,,,,,15000.0,25000.0,,,,,735.0,600.0,13.0,,,,Hot Rolled,Coils,,Oiled (O),2
2.8,2.8,600.0,1520.0,,,,,15000.0,25000.0,610.0,610.0,,,735.0,600.0,13.0,,,,Hot Rolled,Coils,,Oiled (O),2
12.0,24.0,,1520.0,,,,,,25000.0,,,610.0,610.0,625.0,500.0,14.0,,,,Galvanized,Coils,,,2
7.8,8.1,1270.0,,,,,,,,,,,,490.0,355.0,22.0,,,,,Coils,,,0
1.22,1.28,600.0,1520.0,,,,,,25000.0,610.0,610.0,,,515.0,380.0,23.0,,,,Cold Rolled (+CR),Slit Coils,,Lightly Oiled (L),0
1.22,1.28,600.0,1520.0,,,,,,25000.0,610.0,610.0,,,515.0,380.0,23.0,,,,Cold Rolled (+CR),Slit Coils,,Lightly Oiled (L),0
0.7,0.7,1280.0,,,,,,24000.0,24000.0,,,,,340.0,280.0,28.0,,,,Cold Rolled,Coils,,,0
8.0,8.0,,,,,,,,,,,,,625.0,500.0,14.0,,,,,Coils,,,2
3.0,3.0,2000.0,2000.0,6000.0,,6000.0,,30000.0,30000.0,,,,,550.0,355.0,22.0,,,,Normalized (+N),Sheets,,,0
,,70.0,70.0,6000.0,,6000.0,,6000.0,6000.0,,,,,600.0,320.0,10.0,,175.0,,As Rolled (+AR),Round Bars,,,2
,,80.0,80.0,6000.0,,6000.0,,6000.0,6000.0,,,,,600.0,320.0,10.0,,175.0,,As Rolled (+AR),Round Bars,,,2
,,70.0,70.0,6000.0,,6000.0,,6000.0,6000.0,,,,,600.0,320.0,10.0,,175.0,,+AR,Round Bars,,,2
,,80.0,80.0,6000.0,,6000.0,,6000.0,6000.0,,,,,600.0,320.0,10.0,,175.0,,+AR,Round Bars,,,2
2.0,2.0,,1520.0,,,,,,25000.0,,,,,435.0,235.0,26.0,,,,Oiled,Coils,,,0
2.3,2.3,,1520.0,,,,,,25000.0,,,,,435.0,235.0,26.0,,,,Oiled,Coils,,,0
2.5,3.0,,1520.0,,,,,,25000.0,,,,,435.0,235.0,26.0,,,,Oiled,Coils,,,0
3.0,3.0,,1520.0,,,,,,25000.0,,,,,435.0,235.0,26.0,,,,Oiled,Coils,,,0
3.25,3.25,,1520.0,,,,,,25000.0,,,,,435.0,235.0,26.0,,,,Oiled,Coils,,,0
2.4,2.6,,1520.0,,,,,,25000.0,610.0,610.0,,,340.0,380.0,28.0,,,,Oiled,Coils,,,0
,,75.0,75.0,,,,,,25000.0,,,610.0,610.0,600.0,420.0,19.0,,,,Stained,Coils,,Oiled (O),2
,,75.0,75.0,,,,,,25000.0,,,610.0,610.0,630.0,460.0,17.0,,,,Stained,Coils,,Oiled (O),2
,,75.0,75.0,,,,,,25000.0,,,610.0,610.0,650.0,,,,,,Stained,Coils,,Oiled (O),0
1.5,1.5,100.0,1520.0,,,,,,25000.0,610.0,610.0,,,625.0,500.0,14.0,,,,Oiled,Coils,,,2
2.0,2.0,60.0,1520.0,,,,,,25000.0,610.0,610.0,,,625.0,500.0,14.0,,,,Oiled,Coils,,,2
3.5,3.5,60.0,1520.0,,,,,,25000.0,610.0,610.0,,,625.0,500.0,14.0,,,,Oiled,Coils,,,2
,,,,,,,,,,610.0,610.0,,,435.0,235.0,26.0,,,,Oiled,,,,0
3.0,3.0,,1520.0,,,,,,25000.0,,,,,,,,,,,,Coils,,,0
1.5,1.5,50.0,1520.0,,,,,,25000.0,,,,,490.0,355.0,22.0,,,,Stained,Coils,,,0
,,,,,,,,,,,,,,400.0,260.0,29.0,,,,,Coils,,,0
0.8,0.8,1500.0,1500.0,,,,,24000.0,24000.0,,,,,385.0,350.0,22.0,,,Z275,Hot-dip Galvanized (+Z/+GI),Coils,,,0
0.4,0.4,1500.0,1500.0,,,,,24000.0,24000.0,,,,,385.0,350.0,22.0,,,Z275,Hot-dip Galvanized (+Z/+GI),Coils,,,0
1.85,2.0,,,,,,,200000.0,200000.0,,,,,385.0,350.0,22.0,,,Z275,Hot-dip Galvanized (+Z/+GI),Coils,,,0
1.5,1.5,50.0,1520.0,,,,,,25000.0,,,,,490.0,355.0,22.0,,,,Oiled,Coils,,,0
1.5,1.5,50.0,1520.0,,,,,,25000.0,,,,,490.0,355.0,22.0,,,,NK,Coils,,,0
2.0,2.0,200.0,1520.0,,,,,,25000.0,,,,,490.0,355.0,22.0,,,,,Coils,,,0
3.0,3.0,25.0,1520.0,,,,,,25000.0,,,,,490.0,355.0,22.0,,,,,Coils,,,0
2.7,2.9,,1520.0,,,,,10000.0,25000.0,610.0,610.0,,,550.0,355.0,22.0,,,,Oiled,Coils,NGW,,0
2.7,2.9,,1520.0,,,,,10000.0,25000.0,610.0,610.0,,,550.0,420.0,19.0,,,,Oiled,Coils,NGW,,0
2.7,2.9,,1520.0,,,,,10000.0,25000.0,610.0,610.0,,,595.0,460.0,17.0,,,,Oiled,Coils,NGW,,0
1.0,1.0,,1520.0,,,,,,25000.0,,,,,340.0,280.0,28.0,,,,Lightly Oiled,Coils,,,0
1.2,1.2,,1520.0,,,,,10000.0,25000.0,610.0,610.0,,,550.0,420.0,23.0,,,,Cold Rolled,Coils,,Lightly Oiled (L),0
0.75,0.75,,,,,,,,50000.0,,,,,310.0,210.0,38.0,,,,Cold Rolled,Coils,,,0
2.11,2.29,370.0,,,,,,,,,,,,515.0,380.0,23.0,,,,,Sheets,Uncoated,Without surface treatment (U),0
2.25,2.25,,,,,,,40000.0,40000.0,,,,,400.0,260.0,31.0,,,Z100,Hot-dip Galvanized (+Z/+GI),Coils,"Minimized spangle, improved surface (MB)",Oiled (O),0
1.14,1.26,1270.0,1270.0,,,,,10000.0,12000.0,,,,,1080.0,550.0,12.0,,,GI50/50,Hot-dip Galvanized (+Z/+GI),Coils,Unexposed (intenal parts) (U),,2
,,60.0,80.0,,,,,,,610.0,610.0,,,490.0,355.0,22.0,,,,Oiled,,,,0
,,60.0,80.0,,,,,,,610.0,610.0,,,550.0,420.0,19.0,,,,Oiled,,,,2
,,,1520.0,,,,,,25000.0,,,,,,,,,,,,Coils,,,0
1.4,1.55,,,,,,,,,,,,,385.0,350.0,22.0,,,Z140,Hot-dip Galvanized (+Z/+GI),Coils,"Minimized spangle, conventional surface (MA)",Chemically passivated (C),0
0.5,0.5,728.0,728.0,,,,,10000.0,10000.0,,,,,550.0,420.0,23.0,,,,,Sheets,,,0
0.5,0.5,972.0,972.0,,,,,10000.0,10000.0,,,,,550.0,420.0,23.0,,,,,Coils,,,0
,,610.0,610.0,,,,,,,,,,,340.0,380.0,28.0,,,,,Strips,,Oiled (O),0
1.45,1.55,,1520.0,,,,,,25000.0,,,,,,,,,,,,Coils,,,0
,,610.0,610.0,,,,,,25000.0,,,,,490.0,355.0,22.0,,,,,Strips,,Oiled (O),0
,,610.0,610.0,,,,,,,,,,,435.0,235.0,26.0,,,,Oiled,,,,0
,,610.0,610.0,,,,,,,,,,,340.0,380.0,28.0,,,,Oiled,,,,0
,,,1520.0,,,,,,25000.0,,,,,,,,,,,,Coils,,,0
,,,1520.0,,,,,,25000.0,,,,,310.0,210.0,38.0,,,,Oiled,Coils,,Lightly Oiled (L),0
1.55,1.65,135.0,1520.0,,,,,,25000.0,,,,,320.0,210.0,34.0,,,,,Coils,,Oiled (O),0
10.0,25.0,610.0,610.0,,,,,,25000.0,,,,,490.0,355.0,22.0,,,,Oiled,Coils,,,0
40.0,40.0,610.0,610.0,,,,,,25000.0,,,,,490.0,355.0,22.0,,,,Oiled,Coils,,,2
,,,,,,,,,,,,,,,,,,,,,,,,0
6.0,6.0,610.0,1520.0,,,,,12000.0,25000.0,,,,,850.0,700.0,12.0,,,,,Coils,,Oiled (O),2
,,610.0,610.0,,,,,,,,,,,490.0,355.0,22.0,,,,Oiled,,,,0
,,,1520.0,,,,,,25000.0,,,,,,,,,,,,Coils,,,0
5.5,5.5,300.0,1520.0,,,,,,25000.0,610.0,610.0,,,550.0,420.0,19.0,,,,Oiled,Coils,,,0
3.6,4.0,,,,,,,,,,,,,340.0,380.0,28.0,,,,Hot Rolled,Coils,,,0
3.6,4.0,,,,,,,,,,,,,310.0,280.0,38.0,,,,Hot Rolled,Coils,,,0
1.25,1.25,1500.0,1500.0,,,,,150000.0,150000.0,,,,,385.0,350.0,22.0,,,Z275,Hot-dip Galvanized (+Z/+GI),Sheets,,,0
2.5,2.5,,,,,,,,,,,,,500.0,350.0,16.0,,,Z275,Hot-dip Galvanized (+Z/+GI),Coils,"Minimized spangle, conventional surface (MA)",Chemically passivated (C),0
0.45,0.6,1350.0,1350.0,,,,,,,,,,,310.0,210.0,38.0,,,,Cold Rolled,Coils,,,0
3.0,3.0,1500.0,1500.0,3000.0,,3000.0,,,24000.0,,,,,435.0,235.0,26.0,,,,Hot Rolled,Sheets,,,0
8.0,8.0,,,,,,,,,,,,,,,,,,,,Sheets,,,0
4.7,5.0,,1520.0,,,,,15000.0,25000.0,610.0,610.0,,,450.0,315.0,24.0,,,,Oiled,Coils,,,0
,,,,,,,,,,610.0,610.0,,,435.0,235.0,26.0,,,,Oiled,Strips,,,0
2.5,2.5,,1520.0,,,,,,25000.0,,,,,,,,,,,,Coils,,,0
5.0,10.0,,1520.0,,,,,,25000.0,,,,,310.0,210.0,38.0,,,,Oiled,Slit Coils,,,0
3.5,3.65,,1520.0,,,,,,25000.0,610.0,610.0,,,435.0,235.0,26.0,,,,Stained,Coils,Oiled (O),,0
,,80.0,80.0,,,,,,,610.0,610.0,,,490.0,355.0,22.0,,,,Oiled,,,,0
,,,1520.0,,,,,,25000.0,,,,,,,,,,,,Coils,,,0
2.9,3.0,2.9,3.0,,,,,,,,,,,390.0,220.0,20.0,,,ZM100,,Round Bars,,,0
2.9,3.0,2.9,3.0,,,,,,,,,,,435.0,280.0,18.0,,,ZM100,,Round Bars,,,0
10.0,25.0,1520.0,1520.0,,,,,,25000.0,,,610.0,610.0,450.0,315.0,24.0,,,,Oiled,Coils,,,0
,,,1520.0,,,,,,25000.0,,,,,435.0,235.0,26.0,,,,,,,Oiled (O),0
,,,1520.0,,,,,,25000.0,,,,,450.0,315.0,24.0,,,,,,,Oiled (O),0
3.0,3.0,1500.0,1500.0,,,,,20000.0,20000.0,,,,,340.0,380.0,28.0,,,,,Coils,,Pickled and Oiled,0
,,610.0,610.0,,,,,,,,,,,435.0,235.0,26.0,,,,Oiled,Strips,,,0
,,,1520.0,,,,,,25000.0,,,,,,,,,,,,Coils,,,0
,,,,,,,,,,610.0,610.0,,,435.0,235.0,26.0,,,,Oiled,Strips,,,0
,,,,,,,,,,610.0,610.0,,,450.0,315.0,24.0,,,,Oiled,Strips,,,0
3.0,3.0,,1520.0,,,,,,25000.0,,,,,,,,,,,,Coils,,,0
,,,,,,,,,,,,,,,,,,,,,,,,0
60.0,3.0,610.0,1520.0,,,,,,25000.0,,,,,595.0,460.0,17.0,,,,Oiled,Coils,,,2
75.0,2.5,610.0,1520.0,,,,,,25000.0,,,,,595.0,460.0,17.0,,,,Oiled,Coils,,,2
,,80.0,1520.0,,,,,,25000.0,,,610.0,610.0,490.0,355.0,22.0,,,,Oiled,Coils,,,0
,,80.0,1520.0,,,,,,25000.0,,,610.0,610.0,550.0,420.0,19.0,,,,Oiled,Coils,,,0
1.0,1.0,812.0,,,,,,15000.0,20000.0,,,,,340.0,280.0,28.0,,,GI50/50,Hot-dip Galvanized (+Z/+GI),Coils,,,0
1.4,1.5,,,,,,,,,,,,,385.0,350.0,22.0,,,Z070,Hot-dip Galvanized (+Z/+GI),Coils,,,0
10.0,25.0,,1520.0,,,,,,25000.0,610.0,610.0,,,850.0,700.0,12.0,,,,Oiled,Strips,,,2
,,,,,,610.0,,,,,,,,485.0,275.0,23.0,,,,,,,Oiled (O),0
,,,1520.0,,,,,,25000.0,,,,,,,,,,,,Coils,,,0
26.0,26.0,26.0,26.0,,,,,6000.0,6000.0,,,,,1050.0,650.0,10.0,,61.0,,As Rolled (+AR),Round Bars,,,2
2.0,2.0,,,,,,,,,,,,,340.0,280.0,28.0,,,Z275,Hot-dip Galvanized (+Z/+GI),,,,0
2.0,2.0,,,,,,,10000.0,25000.0,610.0,610.0,,,850.0,700.0,12.0,,,,Hot Rolled,Coils,,Pickled and Oiled,2
1.4,1.5,,,,,,,,,,,,,385.0,350.0,22.0,,,Z080,Hot-dip Galvanized (+Z/+GI),Coils,,,0
1.4,1.5,,,,,,,,,,,,,385.0,350.0,22.0,,,Z075,Hot-dip Galvanized (+Z/+GI),Coils,,,0
1.7,2.0,,,,,,,,,,,,,385.0,350.0,22.0,,,,Hot-dip Galvanized (+Z/+GI),Coils,,,0
1.4,1.55,,,,,,,,,,,,,385.0,350.0,22.0,,,Z120,Hot-dip Galvanized (+Z/+GI),Coils,"Minimized spangle, conventional surface (MA)",Chemically passivated (C),0
1.5,1.5,1000.0,1000.0,,,,,25000.0,25000.0,,,,,385.0,350.0,22.0,,,Z275,Hot-dip Galvanized (+Z/+GI),Coils,"Minimized spangle, improved surface (MA)",Chemically passivated (C),0
1.5,1.5,1000.0,1000.0,,,,,25000.0,25000.0,,,,,420.0,250.0,19.0,,,Z275,Hot-dip Galvanized (+Z/+GI),Coils,"Minimized spangle, improved surface (MA)",Chemically passivated (C),0
29.0,29.0,29.0,29.0,,,,,10000.0,10000.0,,,,,1050.0,650.0,10.0,,61.0,,As Rolled (+AR),Round Bars,,,2
33.0,33.0,33.0,33.0,,,,,15000.0,15000.0,,,,,1050.0,650.0,10.0,,61.0,,As Rolled (+AR),Round Bars,,,2
,,,,,,,,48000.0,48000.0,,,,,340.0,280.0,28.0,,,ZE25/25,Electro-Galvanized (+ZE),Sheets,Conventional surface (AP),Chemically passivated (C),0
2.5,2.5,,,,,,,,,,,,,320.0,210.0,34.0,,,ZE50/50,Oiled,,,,0
1.59,1.81,1246.0,,,,,,,20000.0,,,,,880.0,440.0,14.0,,,GI40/40,Hot-dip Galvanized (+Z/+GI),Coils,Unexposed (intenal parts) (U),,2
7.8,8.1,1270.0,,,,,,,,,,,,490.0,355.0,22.0,,,,,Coils,,,0
8.0,8.0,,,,,,,,,,,,,625.0,500.0,14.0,,,,,Coils,,,2
2.0,2.0,610.0,610.0,,,,,,25000.0,,,,,850.0,700.0,12.0,,,,,Coils,,Oiled (O),2
2.5,2.5,,1520.0,,,,,,25000.0,610.0,610.0,,,340.0,280.0,28.0,,,,Cold Rolled,Coils,,Lightly Oiled (L),0
1.44,1.56,,1520.0,,,,,,25000.0,610.0,610.0,,,460.0,340.0,26.0,,,,Oiled,Coils,,,0
2.5,2.5,,1520.0,,,,,,25000.0,610.0,610.0,,,325.0,240.0,32.0,,,,Cold Rolled,Coils,,Lightly Oiled (L),0
2.5,2.5,,1520.0,,,,,,25000.0,610.0,610.0,,,320.0,210.0,34.0,,,,Cold Rolled,Coils,,Lightly Oiled (L),0
2.5,2.5,,1520.0,,,,,,25000.0,610.0,610.0,,,310.0,210.0,38.0,,,,Cold Rolled,Coils,,Lightly Oiled (L),0
0.8,0.8,1318.0,1318.0,,,,,5000.0,10000.0,,,,,380.0,240.0,29.0,,,ZM35/35,Hot-dip zinc magnesium (+ZM),Coils,,Without surface treatment (U),0
5.0,5.15,,,,,,,24000.0,24000.0,,,,,1650.0,1100.0,4.0,,48.5,,,,,,2
3.84,4.0,,,,,,,24000.0,24000.0,,,,,1575.0,1050.0,5.0,,45.5,,,,,,2
3.84,4.0,,,,,,,24000.0,24000.0,,,,,1575.0,1050.0,5.0,,45.5,,,,,,2
8.0,8.0,1500.0,1500.0,3000.0,,3000.0,,24000.0,24000.0,,,,,435.0,235.0,26.0,,,,,Sheets,,,0
8.0,8.0,1500.0,1500.0,3000.0,,3000.0,,24000.0,24000.0,,,,,340.0,380.0,28.0,,,,,Sheets,,,0
2.2,2.5,,,,,,,20000.0,20000.0,,,,,340.0,380.0,28.0,,,,,,,,0
2.2,2.5,,,,,,,20000.0,20000.0,,,,,625.0,500.0,14.0,,,,,,,,2
3.0,3.0,85.0,1520.0,,,,,,25000.0,610.0,610.0,,,435.0,235.0,26.0,,,,,Coils,,Oiled (O),0
10.0,10.0,1500.0,1500.0,3000.0,,3000.0,,96000.0,96000.0,,,,,435.0,235.0,26.0,,,,,Plates,,,0
10.0,10.0,1500.0,1500.0,3000.0,,3000.0,,96000.0,96000.0,,,,,460.0,320.0,23.0,,,,,Plates,,,0
3.0,3.0,60.0,1520.0,,,,,,25000.0,610.0,610.0,,,595.0,460.0,17.0,,,,,Coils,,Oiled (O),2
2.92,3.08,147.0,,,,,,3000.0,3000.0,,,,,380.0,240.0,29.0,,,,Cold Rolled,Slit Coils,Unexposed (intenal parts) (U),,0
4.0,4.0,840.0,840.0,,,,,,,,,,,680.0,550.0,15.0,,,,,Coils,,Oiled (O),2
41.0,41.0,41.0,41.0,,,,,15000.0,15000.0,,,,,1050.0,650.0,10.0,,61.0,,As Rolled (+AR),Round Bars,,,2
37.0,37.0,37.0,37.0,,,,,5000.0,5000.0,,,,,1050.0,650.0,10.0,,61.0,,As Rolled (+AR),Round Bars,,,2
48.0,48.0,48.0,48.0,,,,,10000.0,10000.0,,,,,1050.0,650.0,10.0,,61.0,,As Rolled (+AR),Round Bars,,,2
26.0,26.0,26.0,26.0,,,,,6000.0,6000.0,,,,,1050.0,650.0,10.0,,61.0,,As Rolled (+AR),Round Bars,,,2
29.0,29.0,29.0,29.0,,,,,10000.0,10000.0,,,,,1050.0,650.0,10.0,,61.0,,As Rolled (+AR),Round Bars,,,2
33.0,33.0,33.0,33.0,,,,,15000.0,15000.0,,,,,1050.0,650.0,10.0,,61.0,,As Rolled (+AR),Round Bars,,,2
41.0,41.0,41.0,41.0,,,,,15000.0,15000.0,,,,,1050.0,650.0,10.0,,61.0,,As Rolled (+AR),Round Bars,,,2
37.0,37.0,37.0,37.0,,,,,5000.0,5000.0,,,,,1050.0,650.0,10.0,,61.0,,As Rolled (+AR),Round Bars,,,2
48.0,48.0,48.0,48.0,,,,,10000.0,10000.0,,,,,1050.0,650.0,10.0,,61.0,,As Rolled (+AR),Round Bars,,,2
,,25.0,30.0,,,,,,25000.0,610.0,610.0,,,435.0,235.0,26.0,,,,Oiled,Coils,,,0
2.5,2.5,1250.0,1250.0,,,,,8000.0,16000.0,,,,,385.0,350.0,22.0,,,Z275,Hot-dip Galvanized (+Z/+GI),Coils,,,0
2.0,2.0,1000.0,1000.0,,,,,15000.0,15000.0,,,,,340.0,280.0,28.0,,,,Oiled,Sheets,,,0
2.25,2.25,960.0,960.0,,,,,,,,,,,300.0,180.0,40.0,,,ZE75/75,Electro-Galvanized (+ZE),Coils,Conventional surface (A),Oiled (O),0
1.0,1.0,800.0,800.0,,,,,,,,,,,310.0,210.0,38.0,,,ZE75/75,Electro-Galvanized (+ZE),Coils,Conventional surface (A),Oiled (O),0
3.0,3.0,1000.0,1000.0,,,,,15000.0,20000.0,,,,,340.0,280.0,28.0,,,ZE25/25,Electro-Galvanized (+ZE),Coils,Conventional surface (A),Chemically passivated (C),0
1.5,1.5,,,,,,,,,,,,,400.0,260.0,31.0,,,Z100,Hot-dip Galvanized (+Z),Coils,"Minimized spangle, improved surface (MB)",Oiled (O),0
1.5,1.5,,,,,,,,,,,,,380.0,240.0,29.0,,,GI50/50,Hot-dip Galvanized (+GI),Coils,,Oiled (O),0
12.0,12.0,1500.0,1500.0,3000.0,,3000.0,,48000.0,48000.0,,,,,435.0,235.0,26.0,,,,,Heavy Plates,,,0
12.0,12.0,1500.0,1500.0,3000.0,,3000.0,,48000.0,48000.0,,,,,460.0,320.0,23.0,,,,,Heavy Plates,,,0
2.5,2.5,860.0,860.0,,,,,,,,,,,400.0,260.0,29.0,,,,,Coils,,Oiled (O),0
2.0,2.0,1500.0,1500.0,,,,,,,,,,,320.0,210.0,34.0,,,,,Coils,,,0
2.0,2.0,1500.0,1500.0,,,,,,,,,,,320.0,210.0,34.0,,,,,Coils,,,0
,,,,,,,,,,,,,,340.0,280.0,28.0,,,,,Coils,,,0
,,,,,,,,,,,,,,340.0,280.0,28.0,,,,,Coils,,,0
28.0,28.0,3700.0,3700.0,12470.0,,12470.0,,165362.18,165362.18,,,,,550.0,355.0,22.0,,,,,Plates,,,0
0.7,0.7,135.0,135.0,,,,,6000.0,6000.0,,,,,340.0,280.0,28.0,,,ZE25/25,Bright,Slit Coils,,,0
0.7,0.7,135.0,135.0,,,,,6000.0,6000.0,,,,,340.0,280.0,28.0,,,ZE75/75,Bright,Slit Coils,,,0
1.5,1.5,175.0,175.0,,,,,4000.0,4000.0,,,,,340.0,280.0,28.0,,,ZE25/25,Bright,Strips,,,0
1.5,1.5,175.0,175.0,,,,,4000.0,4000.0,,,,,340.0,280.0,28.0,,,ZE75/75,Bright,Strips,,,0
1.5,1.5,828.0,1520.0,,,,,20000.0,25000.0,,,,,550.0,420.0,23.0,,,,Cold Rolled (+CR),Coils,,Lightly Oiled (L),0
8.0,18.0,,,,,,,,,,,,,435.0,235.0,26.0,,,,Hot Rolled,Plates,,,0
,,,,,,,,,,,,,,,,,,,GA50/50,Galvannealed (+ZF/+GA),Coils,,,0
,,,,,,,,,,,,,,,,,,,GA60/60,Galvannealed (+ZF/+GA),Coils,,,0
,,,1520.0,,,,,,25000.0,610.0,610.0,,,435.0,235.0,26.0,,,,Oiled,Coils,,,0
2.3,2.3,,,,,,,,,,,,,550.0,420.0,23.0,,,,,,,,0
,,,,,,,,,,,,,,,,,,,GA80/80,Galvannealed (+ZF/+GA),Coils,,,0
0.97,1.05,7.0,10.0,,,,,,,,,,,310.0,220.0,36.0,,,ZF095,Galvannealed (+ZF/+GA),Sheets,,,0
0.97,1.05,7.0,10.0,,,,,,,,,,,310.0,220.0,36.0,,,ZF105,Galvannealed (+ZF/+GA),Sheets,,,0
1.2,1.3,7.0,10.0,,,,,,,,,,,385.0,350.0,22.0,,,ZF090,Galvannealed (+ZF/+GA),Sheets,,,0
1.2,1.3,7.0,10.0,,,,,,,,,,,385.0,350.0,22.0,,,ZF095,Galvannealed (+ZF/+GA),Sheets,,,0
2.3,2.3,,,,,,,,,,,,,515.0,380.0,23.0,,,,,,,,0
1.73,1.8,20.0,25.0,,,,,,,,,,,310.0,210.0,38.0,,,,Slightly Oiled,Coils,,Oiled (O),0
,,,1520.0,,,,,,25000.0,610.0,610.0,,,735.0,600.0,13.0,,,,Oiled,Coils,,,2
4.35,4.65,,1520.0,,,,,,25000.0,,,610.0,610.0,490.0,355.0,22.0,,,,Oiled,,,,0
22.0,25.0,,1520.0,,,,,,25000.0,,610.0,,,630.0,460.0,17.0,,,,,,,Oiled (O),2
1.2,1.3,7.0,10.0,,,,,,,,,,,385.0,350.0,22.0,,,ZF105,Galvannealed (+ZF/+GA),Sheets,,,0
0.4,0.4,,,,,,,20000.0,24000.0,,,,,340.0,280.0,28.0,,,ZE25/25,Electro-Galvanized (+ZE),Coils,Conventional surface (A),Chemically passivated (C),0
1.7,1.9,,,,,,,,,,,,,490.0,355.0,22.0,,,,Hot Rolled,Coils,,Pickled and Oiled,0
1.5,1.5,,1520.0,,,,,,25000.0,610.0,610.0,,,490.0,355.0,22.0,,,,Hot Rolled,Coils,,Pickled and Oiled,0
1.5,1.5,,1520.0,,,,,,25000.0,610.0,610.0,,,450.0,315.0,24.0,,,,Hot Rolled,Coils,,Pickled and Oiled,0
1.5,1.5,,1520.0,,,,,,25000.0,610.0,610.0,,,485.0,275.0,23.0,,,,Hot Rolled,Coils,,Pickled and Oiled,0
22.0,25.0,,1520.0,,,,,,25000.0,,610.0,,,625.0,500.0,14.0,,,,,,,Oiled (O),2
22.0,25.0,,1520.0,,,,,,25000.0,,610.0,,,550.0,355.0,22.0,,,,,,,Oiled (O),0
,,,1520.0,,,,,,25000.0,,610.0,,,520.0,380.0,21.0,,,,oiled,Coils,,,0
,,,1520.0,,,,,,25000.0,610.0,610.0,,,630.0,460.0,17.0,,,,,Coils,,O,0
2.5,2.5,1242.0,,,,,,20.0,,,,,,400.0,260.0,29.0,,,,Cold Rolled (+CR),Coils,"Conventional surface, normal (Am)",Oiled (O),0
,,,1520.0,,,,,,25000.0,610.0,610.0,,,625.0,500.0,14.0,,,,,Coils,,O,2
,,,,,,,,,,,,,,,,,,,,,,,,0
,,1650.0,1650.0,,,,,27000.0,28000.0,,,,,490.0,355.0,22.0,,,,,Coils,,,0
6.0,6.0,1550.0,1550.0,7170.0,,7170.0,,65000.0,65000.0,,,,,490.0,355.0,22.0,,,,,Sheets,,,0
,,,,,,,,,,,,,,,,,,,,,,,,0
1.3,1.3,600.0,1520.0,,,,,,25000.0,610.0,610.0,,,340.0,280.0,28.0,,,,Hot Rolled,Coils,,,0
1.3,1.3,600.0,1520.0,,,,,,25000.0,610.0,610.0,,,310.0,280.0,38.0,,,,Hot Rolled,Coils,,,0
2.0,2.0,1500.0,1500.0,,,,,,25000.0,610.0,610.0,,,850.0,700.0,12.0,,,,Oiled,Coils,,Oiled (O),2
14.0,14.0,2000.0,2000.0,6000.0,,6000.0,,75000.0,75000.0,,,,,435.0,235.0,26.0,,,,,Plates,,,0
14.0,14.0,2000.0,2000.0,6000.0,,6000.0,,75000.0,75000.0,,,,,435.0,235.0,26.0,,,,,Plates,,,0
14.0,14.0,2000.0,2000.0,6000.0,,6000.0,,75000.0,75000.0,,,,,550.0,355.0,22.0,,,,,Plates,,,0
14.0,14.0,2000.0,2000.0,6000.0,,6000.0,,75000.0,75000.0,,,,,550.0,355.0,22.0,,,,,Plates,,,0
7.5,8.1,1210.0,1210.0,,,,,100000.0,100000.0,760.0,760.0,,1980.0,735.0,600.0,13.0,,,,Untreated (+U),Coils,,Without surface treatment (U),2
0.4,0.4,,,,,,,20000.0,24000.0,,,,,340.0,280.0,28.0,,,ZE25/25,Electro-Galvanized (+ZE),Coils,Conventional surface (A),Chemically passivated (C),0
0.4,0.4,,,,,,,20000.0,24000.0,,,,,340.0,280.0,28.0,,,ZE25/25,Electro-Galvanized (+ZE),Coils,Conventional surface (A),Phosphated and chemically passivated (PC),0
0.4,0.4,,,,,,,20000.0,24000.0,,,,,340.0,280.0,28.0,,,ZE25/25,Electro-Galvanized (+ZE),Coils,Conventional surface (A),Dry,0
0.7,0.7,,,,,,,24000.0,24000.0,,,,,385.0,350.0,22.0,,,Z275,Hot-dip Galvanized (+Z/+GI),Coils,"Minimized spangle, conventional surface (MA)",Oiled (O),0
135.0,135.0,135.0,135.0,5200.0,,5400.0,,54000.0,54000.0,,,,,1200.0,900.0,10.0,,35.5,,Quenched and Tempered (+QT),Round Bars,,,2
,,,1520.0,,,,,20000.0,25000.0,610.0,610.0,,,340.0,380.0,28.0,,,,Oiled,Slit Coils,,,0
,,1520.0,1520.0,,,,,25000.0,25000.0,610.0,610.0,,,850.0,700.0,12.0,,,,,,,Oiled (O),2
,,,1520.0,,,,,20000.0,25000.0,610.0,610.0,,,435.0,235.0,26.0,,,,Oiled,Slit Coils,,,0
5.85,6.05,,1520.0,,,,,,25000.0,610.0,610.0,,,435.0,235.0,26.0,,,,Oiled,Coils,,,0
4.0,4.0,,1520.0,,,,,,25000.0,610.0,610.0,,,450.0,315.0,24.0,,,,Oiled,Slit Coils,,,0
,,160.0,160.0,3000.0,,3000.0,,,,,,,,415.0,205.0,,,,,Forged,Round Bars,,,0
50.0,60.0,1500.0,8000.0,,,,,,,,,,,485.0,275.0,23.0,,,,,Plates,,,0
,,1520.0,1520.0,,,,,,25000.0,,,610.0,610.0,850.0,700.0,12.0,,,,Oiled,Coils,,,2
,,610.0,610.0,,,,,40000.0,40000.0,,,,,490.0,355.0,22.0,,,,Untreated (+U),Coils,,,0
1.6,1.6,,1520.0,,,,,15000.0,25000.0,,,,,340.0,280.0,28.0,,,,Oiled,Coils,,,0
2.0,2.0,1500.0,1500.0,3000.0,,3000.0,,,200000.0,,,,,340.0,280.0,28.0,,,,Cold Rolled,Sheets,,,0
,,,1520.0,,,,,,25000.0,,,,,310.0,210.0,38.0,,,,Oiled,Slit Coils,,,0
1.0,1.0,1660.0,1660.0,2070.0,,2070.0,,11000.0,11000.0,,,,,340.0,280.0,28.0,,,,,Plates,,Without surface treatment (U),0
3.0,3.0,,,,,,,,,,,,,595.0,450.0,14.0,,,Z115,Hot-dip Galvanized (+Z/+GI),Sheets,,Lightly Oiled (L),0
3.0,3.0,,,,,,,,,,,,,595.0,450.0,14.0,,,Z120,Hot-dip Galvanized (+Z/+GI),Sheets,,Lightly Oiled (L),0
2.92,3.08,,1520.0,,,,,,25000.0,610.0,610.0,,,435.0,235.0,26.0,,,,Oiled,Coils,,,0
2.92,3.08,,1520.0,,,,,,25000.0,610.0,610.0,,,340.0,380.0,28.0,,,,Oiled,Coils,,,0
1.0,1.0,1660.0,1660.0,2070.0,,2070.0,,11000.0,11000.0,,,,,300.0,180.0,40.0,,,,Cold Rolled,Sheets,Unexposed (intenal parts) (U),,0
1.5,1.5,600.0,,1980.0,,1980.0,,5700.0,5700.0,,,,,880.0,440.0,14.0,,,,Cold Rolled,Sheets,Unexposed (intenal parts) (U),,2
0.95,1.0,,,,,,,,,,,,,385.0,350.0,22.0,,,Z080,Hot-dip Galvanized (+Z/+GI),Coils,,,0
5.3,5.5,600.0,1550.0,,,,,,,,,,,490.0,355.0,22.0,,,,Oiled,Plates,,,0
1.5,1.5,,,,,,,,,,,,,400.0,260.0,31.0,,,Z100,Hot-dip Galvanized (+Z/+GI),Coils,"Minimized spangle, improved surface (MB)",Oiled (O),0
1.5,1.5,,,,,,,,,,,,,380.0,240.0,29.0,,,GI50/50,Hot-dip Galvanized (+Z/+GI),Coils,Unexposed (intenal parts) (U),Oiled (O),0
2.0,2.0,,,,,,,,,,,,,550.0,420.0,23.0,,,Z100,Hot-dip Galvanized (+Z/+GI),Coils,"Minimized spangle, improved surface (MB)",Oiled (O),0
2.0,2.0,,,,,,,,,,,,,515.0,380.0,23.0,,,GI50/50,Hot-dip Galvanized (+Z/+GI),Coils,Unexposed (intenal parts) (U),Oiled (O),0
1.94,2.06,1280.0,,,,,,100000.0,150000.0,,,,,550.0,420.0,23.0,,,,,Coils,,Oiled (O),0
0.01,0.11,,,,,,,3000.0,5000.0,,,,,550.0,420.0,23.0,,,,,Sheets,,,0
1.37,1.63,1145.0,1145.0,,,,,50000.0,50000.0,,,,,310.0,240.0,38.0,,,,,Sheets,,Oiled (O),0
0.74,0.86,1250.0,1250.0,,,,,5000.0,5000.0,,,,,460.0,340.0,26.0,,,,,Sheets,,,0
3.9,4.1,,,,,,,5000.0,10000.0,,,,,320.0,210.0,34.0,,,,,Plates,,,0
3.9,4.1,,,,,,,5000.0,10000.0,,,,,310.0,210.0,38.0,,,,,Plates,,,0
1.15,1.35,1260.0,,,,,,2500.0,2500.0,,,,,850.0,700.0,12.0,,,,,Coils,,,2
2.7,3.0,,,,,,,,,,,,,310.0,280.0,38.0,,,,Hot Rolled,Coils,,,0
1.7,1.7,,,,,,,60000.0,60000.0,,,,,310.0,240.0,38.0,,,,,Sheets,,Oiled (O),0
0.7,0.7,1500.0,1500.0,,,,,30000.0,30000.0,,,,,385.0,350.0,22.0,,,Z275,Hot-dip Galvanized (+Z/+GI),Coils,"Minimized spangle, conventional surface (MA)",Chemically passivated (C),0
1.14,1.26,,1520.0,,,,,,25000.0,610.0,610.0,,,515.0,380.0,23.0,,,,Oiled,Coils,,,0
1.14,1.26,,1520.0,,,,,,25000.0,610.0,610.0,,,515.0,380.0,23.0,,,,Oiled,Coils,,,0
,,610.0,610.0,,,,,,25000.0,,,,,435.0,235.0,26.0,,,,Oiled,,,,0
,,25.0,25.0,,,,,,25000.0,610.0,610.0,,,680.0,500.0,16.0,,,,Oiled,Slit Coils,,,2
,,85.0,85.0,6000.0,,6000.0,,6000.0,6000.0,,,,,600.0,320.0,10.0,,175.0,,+AR,Round Bars,,,2
3.0,3.0,,,,,,,,,,,,,595.0,450.0,14.0,,,Z140,Hot-dip Galvanized (+Z/+GI),Sheets,,Lightly Oiled (L),0
0.74,0.86,1000.0,1250.0,2000.0,,2500.0,,,,,,,,650.0,330.0,22.0,,,,Oiled,Coils,,Oiled (O),0
1.4,1.4,990.0,,,,,,,,,,,,650.0,340.0,30.0,,,ZF100,Galvannealed,Coils,"Regular zinc-iron alloy coating, improved surface (RB)",Oiled (O),0
1.4,1.4,990.0,,,,,,,,,,,,650.0,330.0,22.0,,,ZF100,Galvannealed,Coils,"Regular zinc-iron alloy coating, improved surface (RB)",Oiled (O),0
1.5,1.5,,,,,,,,,,,,,550.0,420.0,23.0,,,Z100,Hot-dip Galvanized (+Z/+GI),Coils,"Minimized spangle, improved surface (MB)",Oiled (O),0
1.1,1.3,1230.0,,,,,,40000.0,40000.0,,,,,340.0,180.0,34.0,,,Z100,Hot-dip Galvanized (+Z/+GI),Coils,"Minimized spangle, improved surface (MB)",Oiled (O),0
1.37,1.63,1274.0,,,,,,40000.0,40000.0,,,,,550.0,420.0,23.0,,,Z100,Hot-dip Galvanized (+Z/+GI),Coils,"Minimized spangle, improved surface (MB)",Oiled (O),0
0.45,0.6,1350.0,1350.0,,,,,,,,,,,310.0,220.0,36.0,,,,Hot-dip Galvanized (+Z/+GI),Coils,,,0
1.4,1.4,1250.0,1250.0,,,,,8000.0,12000.0,,,,,500.0,350.0,16.0,,,Z120,Hot-dip Galvanized (+Z/+GI),Coils,,,0
0.7,0.7,990.0,,,,,,20000.0,20000.0,,,,,800.0,660.0,14.0,,,,Cold Rolled,Coils,,,2
2.0,2.0,1410.0,1410.0,,,,,80000.0,80000.0,,,,,405.0,215.0,,,,,Cold Rolled (+CR),Coils,,,0
0.74,0.86,1000.0,1250.0,2000.0,,2500.0,,,,,,,,675.0,350.0,20.0,,,,Oiled,Coils,,Oiled (O),0
0.74,0.86,1000.0,1250.0,2000.0,,2500.0,,,,,,,,880.0,420.0,17.0,,,,Oiled,Coils,,Oiled (O),2
0.74,0.86,1000.0,1250.0,2000.0,,2500.0,,,,,,,,650.0,340.0,30.0,,,,Oiled,Coils,,Oiled (O),0
6.0,6.2,,1520.0,,,,,15000.0,25000.0,610.0,610.0,,,550.0,420.0,19.0,,,,Hot Rolled,Coils,,Oiled (O),0
,,,,12000.0,,12000.0,,,,,,,,550.0,355.0,,,,,,I-Sections,,,0
,,100.0,400.0,,,,,,,,,,,550.0,355.0,,,,,,H-Sections,,,0
,,100.0,400.0,,,,,,,,,,,550.0,355.0,,,,,,H-Sections,,,0
,,100.0,400.0,,,,,,,,,,,550.0,355.0,,,,,,I-Sections,,,0
,,100.0,400.0,,,,,,,,,,,550.0,355.0,,,,,,I-Sections,,,0
0.74,0.86,1000.0,1250.0,2000.0,,2500.0,,,,,,,,900.0,450.0,14.0,,,,Oiled,Coils,,Oiled (O),2
0.74,0.86,1000.0,1250.0,2000.0,,2500.0,,,,,,,,880.0,440.0,14.0,,,,,Coils,,,2
0.74,0.86,1000.0,1250.0,2000.0,,2500.0,,,,,,,,650.0,330.0,22.0,,,,,Coils,,,0
2.0,2.0,,1520.0,,,,,,25000.0,,,610.0,610.0,490.0,355.0,22.0,,,,Oiled,Coils,,,0
2.0,2.0,900.0,900.0,,,,,20000.0,20000.0,,,,,680.0,550.0,17.0,,,,,Sheets,Without surface treatment (U),Without surface treatment (U),2
3.0,3.0,,,,,,,100000.0,150000.0,,,,,490.0,355.0,22.0,,,,Hot Rolled,Sheets,,,0
5.0,5.0,,,,,,,100000.0,150000.0,,,,,490.0,355.0,22.0,,,,Hot Rolled,Plates,,,0
8.0,8.0,,,,,,,100000.0,150000.0,,,,,490.0,355.0,22.0,,,,Hot Rolled,Plates,,,0
5.0,5.0,25.0,1520.0,,,,,,25000.0,610.0,610.0,,,595.0,460.0,17.0,,,,,Coils,,Oiled (O),2
8.0,8.0,,,,,,,,,,,,,625.0,500.0,14.0,,,,,Coils,,,2
7.8,8.1,1270.0,,,,,,,,,,,,490.0,355.0,22.0,,,,,Coils,,,0
14.0,14.0,2000.0,2000.0,6000.0,,6000.0,,75000.0,75000.0,,,,,435.0,235.0,26.0,,,,,Plates,,,0
14.0,14.0,2000.0,2000.0,6000.0,,6000.0,,75000.0,75000.0,,,,,435.0,235.0,26.0,,,,,Plates,,,0
20.0,20.0,2000.0,2000.0,6000.0,,6000.0,,75000.0,75000.0,,,,,435.0,235.0,26.0,,,,,Heavy Plates,,,0
20.0,20.0,2000.0,2000.0,6000.0,,6000.0,,75000.0,75000.0,,,,,435.0,235.0,26.0,,,,,Heavy Plates,,,0
14.0,14.0,2000.0,2000.0,6000.0,,6000.0,,75000.0,75000.0,,,,,550.0,355.0,22.0,,,,,Plates,,,0
14.0,14.0,2000.0,2000.0,6000.0,,6000.0,,75000.0,75000.0,,,,,550.0,355.0,22.0,,,,,Plates,,,0
20.0,20.0,2000.0,2000.0,6000.0,,6000.0,,75000.0,75000.0,,,,,550.0,355.0,22.0,,,,,Heavy Plates,,,0
20.0,20.0,2000.0,2000.0,6000.0,,6000.0,,75000.0,75000.0,,,,,550.0,355.0,22.0,,,,,Heavy Plates,,,0
1.8,1.8,,,,,,,,,,,,,435.0,235.0,26.0,,,,,,,,0
2.75,2.75,,,,,,,,,,,,,435.0,235.0,26.0,,,,,,,,0
0.95,1.0,,,,,,,,,,,,,385.0,350.0,22.0,,,Z070,Hot-dip Galvanized (+Z/+GI),Coils,,,0
0.95,1.0,,,,,,,,,,,,,385.0,350.0,22.0,,,Z075,Hot-dip Galvanized (+Z/+GI),Coils,,,0
5.0,5.0,,1520.0,,,,,,25000.0,610.0,610.0,,,340.0,380.0,28.0,,,,Hot Rolled,Coils,,Pickled and Oiled,0
5.0,5.0,,1520.0,,,,,,25000.0,610.0,610.0,,,340.0,280.0,28.0,,,,Hot Rolled,Coils,,Pickled and Oiled,0
5.0,5.0,,1520.0,,,,,,25000.0,610.0,610.0,,,310.0,280.0,38.0,,,,Hot Rolled,Coils,,Pickled and Oiled,0
1.5,1.5,600.0,,1980.0,,1980.0,,5700.0,5700.0,,,,,880.0,440.0,14.0,,,,,Plates,,Without surface treatment (U),2
2.0,6.0,,,,,,,,,,,,,435.0,235.0,26.0,,,,Hot Rolled,Coils,,,0
2.0,6.0,,,,,,,,,,,,,385.0,,,,,,Hot Rolled,Coils,,,0
1.8,1.8,,,,,,,,,,,,,390.0,220.0,20.0,,,,,,,,0
2.75,2.75,,,,,,,,,,,,,390.0,220.0,20.0,,,,,,,,0
3.92,4.08,,1520.0,,,,,,25000.0,610.0,610.0,,,680.0,550.0,15.0,,,,Oiled,Coils,,,2
1.87,2.13,1250.0,1250.0,,,,,4000.0,4000.0,,,,,345.0,300.0,26.0,,,ZM200,Hot-dip zinc magnesium (+ZM),Coils,,Lightly Oiled (L),0
1.5,1.5,1280.0,,,,,,,,,,,,460.0,340.0,26.0,,,,Cold Rolled,Coils,,,0
3.0,3.0,1210.0,1210.0,,,,,6000.0,6000.0,,,,,550.0,420.0,23.0,,,,,Coils,,,0
1.5,1.5,1280.0,,,,,,,,,,,,515.0,380.0,23.0,,,,Cold Rolled,Coils,,,0
1.5,1.5,1280.0,,,,,,,,,,,,515.0,380.0,23.0,,,,Cold Rolled,Coils,,,0
1.5,1.5,,,,,,,50000.0,56000.0,,,,,550.0,420.0,23.0,,,Z275,Hot-dip Galvanized (+Z/+GI),Coils,"Minimized spangle, conventional surface (MA)",Chemically passivated (C),0
0.8,0.8,1250.0,1250.0,,,,,5000.0,5000.0,,,,,460.0,340.0,26.0,,,,,Coils,,,0
1.94,2.06,,,,,,,150000.0,150000.0,,,,,550.0,420.0,23.0,,,,Galvanized,Coils,,Oiled (O),0
2.0,2.0,1500.0,1500.0,,,,,,,,,,,435.0,235.0,26.0,,,,Hot Rolled,Coils,,Pickled and Oiled,0
2.79,3.21,1510.0,1510.0,,,,,15000.0,15000.0,,,,,550.0,420.0,23.0,,,,Galvanized,Coils,,,0
1.14,1.26,1270.0,1270.0,,,,,10000.0,12000.0,,,,,1080.0,700.0,10.0,,,GI50/50,Hot-dip Galvanized (+GI),Coils,Without surface treatment (U),,2
1.85,2.0,1000.0,1000.0,,,,,30000.0,30000.0,,,,,625.0,500.0,14.0,,,,,Coils,,,2
1.75,1.75,600.0,1520.0,,,,,,25000.0,610.0,610.0,,,310.0,210.0,38.0,,,,Oiled,Coils,,,0
5.0,5.0,1500.0,1500.0,,,,,24000.0,24000.0,,,,,435.0,235.0,26.0,,,,,Plates,,Phosphated and oiled (PO),0
1.48,1.72,708.0,,,,,,24000.0,24000.0,,,610.0,610.0,340.0,180.0,36.0,,,ZM35/35,,,,Without surface treatment (U),0
0.5,0.5,132.6,132.6,,,,,,1000.0,480.0,530.0,1100.0,1300.0,340.0,280.0,28.0,,,,Cold Rolled,Slit Coils,,,0
0.5,0.5,132.6,132.6,,,,,,1000.0,,,,,340.0,280.0,28.0,,,,Cold Rolled,Coils,,,0
,,,,,,,,25000000.0,25000000.0,,,,,,,,,,,,Sheets,,,4
3.0,3.0,2000.0,2000.0,6000.0,,6000.0,,30000.0,30000.0,,,,,550.0,355.0,22.0,,,,Normalized (+N),Plates,,,0
3.0,3.0,2000.0,2000.0,6000.0,,6000.0,,30000.0,30000.0,,,,,490.0,355.0,22.0,,,,Thermomechanically Rolled (+M),Plates,,,0
3.0,3.0,2000.0,2000.0,6000.0,,6000.0,,30000.0,30000.0,,,,,550.0,355.0,22.0,,,,,Plates,,,0
3.0,3.0,2000.0,2000.0,6000.0,,6000.0,,30000.0,30000.0,,,,,490.0,355.0,22.0,,,,,Plates,,,0
7.8,8.1,,1520.0,,,,,,25000.0,610.0,610.0,,,735.0,600.0,13.0,,,,Oiled,Coils,,Oiled (O),2
3.0,3.0,,1520.0,,,,,,25000.0,610.0,610.0,,,380.0,240.0,29.0,,,,,Coils,,,0
3.0,3.0,,1520.0,,,,,,25000.0,610.0,610.0,,,400.0,260.0,29.0,,,,,Coils,,,0
3.0,3.0,,1520.0,,,,,,25000.0,610.0,610.0,,,390.0,260.0,27.0,,,,,Coils,,,0
0.8,0.8,1250.0,1250.0,,,,,20000.0,20000.0,508.0,508.0,,1100.0,340.0,280.0,28.0,,,ZE25/25,Electro-Galvanized (+ZE),Coils,,,0
0.5,0.5,1000.0,1500.0,,,,,100000.0,100000.0,,,,,325.0,240.0,32.0,,,,Cold Rolled,Coils,,,0
0.8,0.8,1000.0,1500.0,,,,,100000.0,100000.0,,,,,325.0,240.0,32.0,,,,Cold Rolled,Coils,,,0
0.7,0.7,1000.0,1500.0,,,,,70000.0,70000.0,,,,,325.0,240.0,32.0,,,,Cold Rolled,Coils,,,0
0.7,0.7,1000.0,1500.0,,,,,70000.0,70000.0,,,,,340.0,280.0,28.0,,,,Cold Rolled,Coils,,,0
2.0,2.0,700.0,,,,,,,,,,,,310.0,210.0,34.0,,,GI40/40,Hot-dip Galvanized (+Z/+GI),Coils,Unexposed (intenal parts) (U),Oiled (O),0
1.1,1.3,1230.0,,,,,,40000.0,40000.0,,,,,340.0,180.0,34.0,,,Z100,Hot-dip Galvanized (+Z),Coils,"Minimized spangle, improved surface (MB)",Oiled (O),0
1.37,1.63,1274.0,,,,,,40000.0,40000.0,,,,,550.0,420.0,23.0,,,Z100,Hot-dip Galvanized (+Z),Coils,"Minimized spangle, improved surface (MB)",Oiled (O),0
3.0,3.0,,1520.0,,,,,,25000.0,610.0,610.0,,,435.0,235.0,26.0,,,,,Coils,,,0
1.7,2.0,,,,,,,,,,,,,385.0,350.0,22.0,,,Z075,Hot-dip Galvanized (+Z),Coils,,,0
0.8,0.8,,,,,,,24000.0,24000.0,,,,,900.0,450.0,14.0,,,,,Sheets,,,2
1.5,1.5,,1520.0,,,,,5000.0,25000.0,610.0,610.0,,,385.0,350.0,22.0,,,Z275,Hot-dip Galvanized (+Z/+GI),Coils,,,0
1.4,1.4,1065.0,1065.0,,,,,15000.0,20000.0,,,,,595.0,460.0,19.0,,,GI60/60,Hot-dip Galvanized (+GI),Coils,,Lightly Oiled (L),0
1.0,1.0,,,,,,,24000.0,24000.0,,,,,550.0,420.0,23.0,,,,,Sheets,,,0
,,25.0,25.0,,,,,,25000.0,610.0,610.0,,,730.0,550.0,15.0,,,,Oiled,Slit Coils,,,2
,,,1520.0,,,,,,25000.0,,610.0,,,550.0,355.0,22.0,,,,oiled,Coils,,,0
,,,1520.0,,,,,,25000.0,,610.0,,,550.0,420.0,19.0,,,,oiled,Coils,,,0
3.43,3.57,,1520.0,,,,,,25000.0,,,,,,,,,,,,Coils,,,0
20.0,25.0,610.0,610.0,,,,,,25000.0,,,,,340.0,380.0,28.0,,,,Stained,Coils,,Oiled (O),0
5.0,15.0,,1520.0,,,,,,25000.0,610.0,610.0,,,340.0,380.0,28.0,,,,,Coils,,Oiled (O),0
5.0,15.0,,1520.0,,,,,,25000.0,610.0,610.0,,,340.0,280.0,28.0,,,,,Coils,,Oiled (O),0
5.0,15.0,,1520.0,,,,,,25000.0,610.0,610.0,,,310.0,280.0,38.0,,,,,Coils,,Oiled (O),0
2.2,2.4,,1520.0,,,,,,25000.0,610.0,610.0,,,340.0,280.0,28.0,,,,,Coils,,Oiled (O),0
,,,,,,,,,,610.0,610.0,,,340.0,380.0,28.0,,,,Oiled,Coils,,,0
,,,1520.0,140.0,,140.0,,,25000.0,,,,,,,,,,,,Coils,,,0
,,,,,,,,,,610.0,610.0,,,490.0,355.0,22.0,,,,Oiled,,,,0
2.5,2.5,,1520.0,,,,,,25000.0,,,,,,,,,,,,Coils,,,0
3.85,4.0,610.0,1520.0,,,,,,25000.0,260.0,,,,435.0,235.0,26.0,,,,Stained,Coils,,Oiled,0
3.9,4.1,,1520.0,,,,,,25000.0,610.0,610.0,,,450.0,315.0,24.0,,,,Oiled,Coils,,,0
18.0,18.0,18.0,18.0,6050.0,,6200.0,,8000.0,8000.0,,,,,2100.0,,,,60.0,,As Rolled (+AR),Round Bars,,,2
,,40.0,40.0,,,,,12000.0,12000.0,,,,,1200.0,900.0,10.0,,35.5,,As Rolled (+AR),Round Bars,,,2
1.13,1.2,1250.0,1250.0,,,,,,20000.0,,,,,567.5,205.0,40.0,,200.0,,ASTM No. 2B,Sheets,,,0
1.4,1.4,1250.0,1250.0,,,,,,100000.0,,,,,567.5,205.0,40.0,,200.0,,ASTM No. 2B,Sheets,,,0
2.75,2.75,1250.0,1250.0,,,,,,75000.0,,,,,567.5,205.0,40.0,,200.0,,ASTM No. 2D,Plates,,,0
0.75,0.75,1500.0,1500.0,,,,,,,,,,,385.0,350.0,22.0,,,ZM310,,Coils,,,0
0.1,1.0,,,,,,,,,,,,,340.0,280.0,28.0,,,,Cold Rolled,Slit Coils,,,0
0.1,1.0,,,,,,,,,,,,,325.0,240.0,32.0,,,,Cold Rolled,Slit Coils,,,0
0.1,1.0,,,,,,,,,,,,,320.0,210.0,34.0,,,,Cold Rolled,Slit Coils,,,0
0.1,1.0,,,,,,,,,,,,,340.0,180.0,34.0,,,,Cold Rolled,Slit Coils,,,0
0.1,1.0,,,,,,,,,,,,,430.0,300.0,25.0,,,,Cold Rolled,Slit Coils,,,0
2.5,2.5,,,,,,,20000.0,24000.0,,,,,385.0,350.0,22.0,,,Z100,Hot-dip Galvanized (+Z/+GI),Coils,"Minimized spangle, improved surface (MB)",Oiled (O),0
2.5,2.5,,,,,,,20000.0,24000.0,,,,,385.0,350.0,22.0,,,Z140,Hot-dip Galvanized (+Z/+GI),Coils,"Minimized spangle, improved surface (MB)",Oiled (O),0
0.7,0.7,,,,,,,,,,,,,325.0,260.0,30.0,,,AS120,Aluminized (+AS/+AL),Coils,Conventional surface (A),Oiled (O),0
2.9,3.0,396.0,396.0,,,,,35000.0,35000.0,,,,,435.0,235.0,26.0,,,,,Strips,,,0
0.5,0.5,1000.0,1500.0,,,,,100000.0,100000.0,,,,,340.0,280.0,28.0,,,,Cold Rolled,Coils,,,0
2.5,2.5,1250.0,1250.0,,,,,24000.0,24000.0,,,,,500.0,350.0,16.0,,,DX51D,,Sheets,,,0
25.0,25.0,3000.0,3000.0,10000.0,,12000.0,,,,,,,,435.0,235.0,26.0,,,,,Plates,,,0
0.8,0.8,1000.0,1500.0,,,,,100000.0,100000.0,,,,,340.0,280.0,28.0,,,,Cold Rolled,Coils,,,0
25.0,25.0,3000.0,3000.0,10000.0,,12000.0,,,,,,,,550.0,355.0,22.0,,,,,Plates,,,0
4.6,4.75,1250.0,1250.0,,,,,,50000.0,,,,,567.5,205.0,40.0,,200.0,,ASTM No. 2D,Plates,,,0
,,,,,,,,16000.0,24000.0,,,,,,,,,,,,Coils,,,0
1.7,2.0,,,,,,,,,,,,,385.0,350.0,22.0,,,Z080,Hot-dip Galvanized (+Z/+GI),Coils,,,0
0.7,0.7,1000.0,,,,,,,,,,,,385.0,350.0,22.0,,,AS120,Aluminized (+AS/+AL),Coils,Conventional surface (A),Oiled (O),0
1.6,1.6,1500.0,1500.0,,,,,1000000.0,1000000.0,,,,,435.0,235.0,26.0,,,,,Coils,,,0
0.3,0.3,1250.0,1250.0,,,,,500000.0,500000.0,,,,,340.0,280.0,28.0,,,,,Coils,,,0
2.1,2.1,1250.0,1250.0,,,,,1000000.0,1000000.0,,,,,500.0,350.0,16.0,,,ZM310,,Coils,,,0
3.0,3.0,1250.0,1250.0,,,,,500000.0,500000.0,,,,,590.0,550.0,12.0,,,ZM620,,Plates,,,2
0.55,0.65,1355.0,1355.0,,,,,20000.0,20000.0,,,,,485.0,280.0,23.0,,,,,Sheets,,,0
0.75,0.85,1125.0,1125.0,,,,,40000.0,40000.0,,,,,485.0,280.0,23.0,,,,,Sheets,,,0
0.75,0.85,1115.0,1115.0,,,,,20000.0,20000.0,,,,,485.0,280.0,23.0,,,,,Sheets,,,0
,,,1520.0,,,,,,25000.0,610.0,610.0,,,595.0,460.0,17.0,,,,Oiled,Coils,,,0
,,,1520.0,,,,,,25000.0,610.0,610.0,,,550.0,355.0,22.0,,,,Oiled,Coils,,,0
,,,1520.0,,,,,,25000.0,610.0,610.0,,,600.0,420.0,19.0,,,,Oiled,Coils,,,0
3.0,3.0,1250.0,1250.0,,,,,10000.0,10000.0,,,,,390.0,220.0,20.0,,,AZM430,,Sheets,,,0
3.0,3.0,1250.0,1250.0,,,,,10000.0,10000.0,,,,,465.0,320.0,17.0,,,AZM430,,Sheets,,,0
,,,,,,,,,25000.0,610.0,610.0,,,435.0,235.0,26.0,,,,,,,Oiled,0
2.4,2.6,610.0,610.0,,,,,,25000.0,,,,,340.0,380.0,28.0,,,,Oiled,Coils,,,0
15.0,15.0,1500.0,1500.0,3000.0,,3000.0,,,24000.0,,,,,550.0,355.0,22.0,,,,Hot Rolled,Plates,,,0
25.0,25.0,1500.0,1500.0,3000.0,,3000.0,,,24000.0,,,,,550.0,355.0,22.0,,,,Hot Rolled,Heavy Plates,,,0
1.0,1.0,1250.0,1300.0,,,,,,,,,,,340.0,280.0,28.0,,,ZE25/25,Electro-Galvanized (+ZE),Coils,,Anti-Corrosion Protection (ACP),0
7.8,8.1,1270.0,,,,,,,,,,,,490.0,355.0,22.0,,,,,Coils,,,0
8.0,8.0,,,,,,,,,,,,,625.0,500.0,14.0,,,,,Coils,,,2
5.5,5.5,80.0,80.0,200.0,,200.0,,,,,,,,625.0,500.0,14.0,,,,Hot Rolled,Sheets,,,2
2.75,2.75,80.0,80.0,200.0,,200.0,,,,,,,,550.0,420.0,19.0,,,,Hot Rolled,Sheets,,,2
5.0,5.0,,,,,,,25000.0,25000.0,,,,,490.0,355.0,22.0,,,,,Sheets,,Oiled (O),0
6.0,6.0,1500.0,1500.0,,,,,25000.0,25000.0,,,,,490.0,355.0,22.0,,,,,Sheets,,,0
3.5,3.7,,1520.0,,,,,,25000.0,610.0,610.0,,,340.0,380.0,28.0,,,,Hot Rolled,Coils,,Pickled and Oiled,0
3.5,3.7,,1520.0,,,,,,25000.0,610.0,610.0,,,435.0,235.0,26.0,,,,Hot Rolled,Coils,,Pickled and Oiled,0
1.37,1.63,1600.0,,,,,,40000.0,40000.0,,,,,550.0,420.0,23.0,,,Z100,Hot-dip Galvanized (+Z),Coils,"Minimized spangle, improved surface (MB)",Oiled (O),0
3.6,4.0,,,,,,,,,,,,,340.0,280.0,28.0,,,,Hot Rolled,Coils,,,0
2.0,2.0,1500.0,,,,,,20000.0,24000.0,,,,,385.0,350.0,22.0,,,AS100,Aluminized (+AS/+AL),Coils,,Dry,0
6.0,6.0,1500.0,1500.0,,,,,25000.0,25000.0,,,,,490.0,355.0,22.0,,,,Hot Rolled,Coils,,Oiled (O),0
7.0,8.0,,,,,,,,,,,,,625.0,500.0,14.0,,,,Hot Rolled,Coils,,,2
2.0,2.0,1500.0,,,,,,20000.0,24000.0,,,,,385.0,350.0,22.0,,,AS120,Aluminized (+AS/+AL),Coils,,Lightly Oiled (L),0
,,,,,,,,,,,,,,680.0,550.0,17.0,,,,,Coils,,,2
,,,,,,,,,,,,,,450.0,315.0,24.0,,,,,Coils,,,0
,,,,,,,,,,,,,,850.0,700.0,12.0,,,,,Coils,,,2
,,,,,,,,,,,,,,435.0,235.0,26.0,,,,,Strips,,,0
,,,,,,,,,,,,,,385.0,350.0,22.0,,,,,Coils,,,0
,,,,,,,,,,,,,,345.0,300.0,26.0,,,,,Coils,,,0
,,,,,,,,,,,,,,325.0,260.0,30.0,,,,,Coils,,,0
,,,,,,,,,,,,,,310.0,220.0,36.0,,,,,Coils,,,0
,,,,,,,,,,,,,,300.0,200.0,38.0,,,,,Coils,,,0
,,,,,,,,,,,,,,290.0,180.0,40.0,,,,,Coils,,,0
,,,,,,,,,,,,,,500.0,350.0,16.0,,,,,Coils,,,0
,,1250.0,1250.0,,,,,,,,,,,290.0,180.0,40.0,,,Z140,Hot-dip Galvanized (+Z),Coils,"Minimized spangle, improved surface (MB)",Oiled (O),0
1.5,1.5,,,,,,,,,,,,,340.0,280.0,28.0,,,ZE25/25,Electro-Galvanized (+ZE),Coils,,,0
1.7,1.72,,,,,,,,,,,,,345.0,300.0,26.0,,,Z070,Hot-dip Galvanized (+Z/+GI),Coils,,,0
2.0,2.0,1500.0,1500.0,,,,,25000.0,25000.0,,,,,435.0,235.0,26.0,,,,Hot Rolled,Coils,,Pickled and Oiled,0
1.0,1.0,,,,,,,20000.0,24000.0,,,,,310.0,220.0,36.0,,,ZM100,Dry,Coils,,,0
0.75,0.75,,,,,,,25000.0,25000.0,,,,,310.0,220.0,36.0,,,ZM100,Dry,Coils,,,0
10.0,10.0,1500.0,1500.0,3000.0,,3000.0,,100000.0,100000.0,,,,,435.0,235.0,26.0,,,,,Plates,,,0
10.0,10.0,1500.0,1500.0,3000.0,,3000.0,,100000.0,100000.0,,,,,490.0,355.0,22.0,,,,,Coils,,,0
4.5,4.5,,1520.0,,,,,8000.0,25000.0,610.0,610.0,,,520.0,380.0,21.0,,,,,Coils,,,0
0.5,0.6,,,,,,,,,,,,,340.0,280.0,28.0,,,,Cold Rolled,Coils,,,0
0.5,0.6,,,,,,,,,,,,,310.0,210.0,38.0,,,,Cold Rolled,Coils,,,0
,,1250.0,1250.0,,,,,,,,,,,290.0,180.0,40.0,,,Z140,Hot-dip Galvanized (+Z),Coils,"Minimized spangle, improved surface (MB)",Oiled (O),0
0.7,0.7,,,,,,,40000.0,50000.0,,,,,310.0,210.0,38.0,,,ZE75/75,Electro-Galvanized (+ZE),Coils,Conventional surface (A),Phosphated and oiled (PO),0
3.0,3.0,,,,,,,,,,,,,850.0,700.0,12.0,,,,,Coils,,Oiled (O),2
5.5,5.5,80.0,80.0,200.0,,200.0,,,,,,,,625.0,500.0,14.0,,,,,Plates,,,2
2.75,2.75,80.0,80.0,200.0,,200.0,,,,,,,,550.0,420.0,19.0,,,,,Plates,,,2
5.0,5.0,,,,,,,25000.0,25000.0,,,,,490.0,355.0,22.0,,,,Hot Rolled,Coils,,Oiled (O),0
0.97,1.05,,1620.0,,,,,,,,,,,310.0,220.0,36.0,,,ZF050,Galvannealed,Coils,,Dry,0
2.5,2.5,1050.0,1050.0,,,,,25000.0,25000.0,,,,,490.0,355.0,22.0,,,,,Coils,,Oiled (O),0
3.0,3.0,1210.0,1210.0,,,,,6000.0,6000.0,,,,,550.0,420.0,23.0,,,,,Coils,,Lightly Oiled (L),0
0.97,1.05,,1620.0,,,,,,,,,,,310.0,220.0,36.0,,,ZF060,Galvannealed,Coils,,Dry,0
0.97,1.05,,1620.0,,,,,,,,,,,310.0,220.0,36.0,,,ZF070,Galvannealed,Coils,,Dry,0
1.5,1.5,1000.0,1000.0,,,,,,,,,,,385.0,350.0,22.0,,,Z275,Hot-dip Galvanized (+Z/+GI),Coils,"Minimized spangle, conventional surface (MA)",Chemically passivated (C),0
1.2,1.2,1298.0,1298.0,,,,,,40000.0,,,,,400.0,260.0,27.0,,,,Hot-dip Galvanized (+Z/+GI),Coils,,,0
1.9,1.9,1525.0,1525.0,,,,,,40000.0,,,,,515.0,380.0,25.0,,,Z100,Hot-dip Galvanized (+Z/+GI),Coils,,,0
2.7,2.7,1230.0,1230.0,,,,,,40000.0,,,,,550.0,420.0,23.0,,,Z080,Hot-dip Galvanized (+Z/+GI),Coils,,,0
2.7,2.7,1230.0,1230.0,,,,,,40000.0,,,,,550.0,420.0,23.0,,,Z100,Hot-dip Galvanized (+Z/+GI),Coils,,,0
1.75,1.75,320.0,320.0,,,,,,,,,,,310.0,210.0,38.0,,,ZE75/75,Electro-Galvanized (+ZE),Coils,,Oiled (O),0
3.0,3.0,,1520.0,,,,,,25000.0,610.0,610.0,,,850.0,700.0,12.0,,,,Hot Rolled,Coils,,,2
1.7,1.72,,,,,,,,,,,,,345.0,300.0,26.0,,,Z075,Hot-dip Galvanized (+Z/+GI),Coils,,,0
0.5,0.6,,,,,,,,,,,,,325.0,240.0,32.0,,,,Cold Rolled,Coils,,,0
1.39,1.61,,1520.0,,,,,,25000.0,610.0,610.0,,,385.0,350.0,22.0,,,Z100,Hot-dip Galvanized (+Z/+GI),Coils,"Minimized spangle, conventional surface (MA)",Chemically passivated (C),0
2.0,2.5,1000.0,,,,,,20000.0,20000.0,,,,,925.0,,,,277.5,,,Coils,,,0
2.0,2.5,1000.0,,,,,,20000.0,20000.0,,,,,925.0,580.0,8.0,,277.5,,,Coils,,,2
0.7,0.7,,,,,,,40000.0,50000.0,,,,,310.0,210.0,38.0,,,ZE75/75,Electro-Galvanized (+ZE),Coils,Conventional surface (A),Oiled (O),0
1.5,1.5,,,,,,,,25000.0,610.0,610.0,,,625.0,500.0,14.0,,,,,Coils,,,2
8.0,8.0,,,,,,,,,,,,,,,,,,,,Coils,,,0
10.0,10.0,,,,,,,,,,,,,,,,,,,,Sheets,,,0
,,,,,,,,,,,,,,500.0,350.0,16.0,,,Z100,Dry,Coils,,,0
1.39,1.61,,1520.0,,,,,,25000.0,610.0,610.0,,,385.0,350.0,22.0,,,Z115,Hot-dip Galvanized (+Z/+GI),Coils,"Minimized spangle, conventional surface (MA)",Chemically passivated (C),0
0.5,0.5,,,,,,,,,,,,,,,,,,,Hot-dip Galvanized (+Z/+GI),Coils,"Minimized spangle, conventional surface (MA)",Chemically passivated (C),0
,,,1520.0,,,,,,25000.0,610.0,610.0,,,500.0,350.0,16.0,,,Z275,Hot-dip Galvanized (+Z/+GI),Coils,"Minimized spangle, improved surface (MA)",Chemically passivated (C),0
0.97,1.05,,1620.0,,,,,,,,,,,310.0,220.0,36.0,,,ZF080,Galvannealed,Coils,,Dry,0
0.97,1.05,,1620.0,,,,,,,,,,,310.0,220.0,36.0,,,ZF090,Galvannealed,Coils,,Dry,0
1.39,1.61,,1520.0,,,,,,25000.0,610.0,610.0,,,385.0,350.0,22.0,,,Z120,Hot-dip Galvanized (+Z/+GI),Coils,"Minimized spangle, conventional surface (MA)",Chemically passivated (C),0
1.45,1.55,,1520.0,,,,,,25000.0,610.0,610.0,,,385.0,350.0,22.0,,,Z100,Hot-dip Galvanized (+Z/+GI),Coils,"Minimized spangle, conventional surface (MA)",Chemically passivated (C),0
2.25,2.25,,,,,,,40000.0,40000.0,,,,,400.0,260.0,31.0,,,Z100,,Coils,"Minimized spangle, improved surface (MB)",Oiled (O),0
1.37,1.63,1600.0,,,,,,40000.0,40000.0,,,,,550.0,420.0,23.0,,,Z100,Hot-dip Galvanized (+Z/+GI),Coils,"Minimized spangle, improved surface (MB)",Oiled (O),0
0.9,1.05,,,,,,,,,,,,,465.0,320.0,17.0,,,Z275,Hot-dip Galvanized (+Z/+GI),Coils,,,0
0.9,1.05,,,,,,,,,,,,,435.0,280.0,18.0,,,Z275,Hot-dip Galvanized (+Z/+GI),Coils,,,0
0.9,1.05,,,,,,,,,,,,,390.0,220.0,20.0,,,Z275,Hot-dip Galvanized (+Z/+GI),Coils,,,0
0.9,1.05,,,,,,,,,,,,,420.0,250.0,19.0,,,Z275,Hot-dip Galvanized (+Z/+GI),Coils,,,0
,,,,,,,,,,,,,,385.0,350.0,22.0,,,AZ150,Hot-dip Aluzinc (+AZ),Coils,,,0
2.0,2.0,1500.0,,,,,,,60000.0,,,,,460.0,340.0,24.0,,,,,,,,0
,,,,,,,,,,,,,,385.0,350.0,22.0,,,AZ150,Hot-dip Aluzinc (+AZ),Coils,,,0
1.8,1.8,1118.0,1118.0,,,,,,3000.0,,,,,1000.0,,,,,GI50/50,Hot-dip Galvanized (+GI),,,,0
1.9,1.9,1730.0,1730.0,,,,,,4000.0,,,,,310.0,220.0,36.0,,,Z140,Hot-dip Galvanized (+Z),,,,0
,,,,,,,,,,,,,,420.0,250.0,19.0,,,,,,,,0
1.7,1.72,,,,,,,,,,,,,345.0,300.0,26.0,,,Z080,Hot-dip Galvanized (+Z/+GI),Coils,,,0
0.5,0.6,,,,,,,,,,,,,320.0,210.0,34.0,,,,Cold Rolled,Coils,,,0
1.41,1.5,66.0,66.0,,,,,3000.0,3000.0,,,,,340.0,280.0,28.0,,,GI40/40,Hot-dip Galvanized (+Z/+GI),Coils,,Oiled (O),0
1.15,1.25,,1520.0,,,,,20000.0,25000.0,610.0,610.0,,,550.0,420.0,23.0,,,,Cold Rolled,Coils,,Lightly Oiled (L),0
0.95,1.05,1100.0,1500.0,,,,,4000.0,,,,,,310.0,210.0,38.0,,,ZE75/75,Electro-Galvanized (+ZE),Coils,,,0
0.5,0.5,1130.0,1130.0,,,,,,,,,,,345.0,300.0,26.0,,,ZA095,Galfan (+ZA),Coils,"Minimized spangle, conventional surface (MA)",Sealed (S),0
1.0,1.0,1250.0,1250.0,,,,,10000.0,15000.0,,,,,340.0,280.0,28.0,,,,Oiled,Sheets,,,0
1.5,1.5,1000.0,1000.0,,,,,20000.0,20000.0,,,,,340.0,280.0,28.0,,,,Oiled,Sheets,,,0
2.0,2.0,1600.0,1600.0,,,,,10000.0,15000.0,,,,,340.0,280.0,28.0,,,,Oiled,Sheets,,,0
4.85,5.15,,1520.0,,,,,,225000.0,610.0,610.0,,,435.0,235.0,26.0,,,,Hot Rolled,Coils,,Pickled and Oiled,0
2.0,2.0,,,,,,,,,,,,,850.0,700.0,12.0,,,,Hot Rolled,Coils,,Pickled and Oiled,2
1.6,1.6,,,,,,,,,,,,,380.0,240.0,29.0,,,GI50/50,Hot-dip Galvanized (+Z/+GI),Coils,Unexposed (intenal parts) (U),,0
1.6,1.6,,,,,,,,,,,,,400.0,260.0,31.0,,,Z100,Hot-dip Galvanized (+Z/+GI),Coils,"Minimized spangle, improved surface (MB)",Oiled (O),0
1.83,1.97,1730.0,1730.0,,,,,4000.0,4000.0,,,,,310.0,220.0,36.0,,,Z140,Hot-dip Galvanized (+Z/+GI),Coils,"Minimized spangle, improved surface (MB)",Oiled (O),0
0.45,0.6,1350.0,1350.0,,,,,,,,,,,435.0,280.0,18.0,,,GD,Hot-dip Galvanized (+Z/+GI),Coils,,,0
1.4,1.4,1250.0,1250.0,,,,,8000.0,12000.0,,,,,500.0,350.0,16.0,,,Z140,Hot-dip Galvanized (+Z/+GI),Coils,,,0
1.4,1.4,1250.0,1250.0,,,,,8000.0,12000.0,,,,,500.0,350.0,16.0,,,Z250,Hot-dip Galvanized (+Z/+GI),Coils,,,0
,,,,,,,,,,,,,,400.0,260.0,31.0,,,Z275,Hot-dip Galvanized (+Z/+GI),Coils,"Minimized spangle, conventional surface (MA)",Chemically passivated (C),0
4.0,4.0,,,,,,,,,,,,,680.0,550.0,15.0,,,,Hot Rolled,Coils,,,2
1.8,2.0,76.1,76.1,,,,,22000.0,22000.0,,,76.1,,500.0,350.0,16.0,,,Z275,Hot-dip Galvanized (+Z/+GI),Round Tubes,,,0
1.2,1.2,,1520.0,,,,,,25000.0,610.0,610.0,,,385.0,350.0,22.0,,,Z275,Hot-dip Galvanized (+Z/+GI),Coils,"Conventional surface, normal (Am)",Chemically passivated (C),0
3.0,3.0,1500.0,1500.0,,,,,,,,,,,550.0,420.0,19.0,,,,Hot Rolled,Coils,,,0
4.0,4.0,1500.0,1500.0,,,,,,,,,,,550.0,420.0,19.0,,,,Hot Rolled,Coils,,,0
2.5,2.5,1500.0,1500.0,,,,,,,,,,,490.0,355.0,22.0,,,,Hot Rolled,Coils,,,0
3.0,3.0,1500.0,1500.0,,,,,,,,,,,550.0,420.0,19.0,,,,Hot Rolled,Coils,,,0
3.0,3.0,1500.0,1500.0,,,,,,,,,,,550.0,420.0,19.0,,,,Hot Rolled,Coils,,,0
3.0,3.0,1500.0,1500.0,,,,,,,,,,,550.0,420.0,19.0,,,,Hot Rolled,Coils,,,0
1.5,1.7,850.0,,,,,,,10000.0,,,,,340.0,180.0,36.0,,,GI60/60,Hot-dip Galvanized (+Z/+GI),Coils,,Oiled (O),0
2.5,2.5,1000.0,1000.0,,,,,,,,,,,340.0,280.0,28.0,,,,Cold Rolled,Coils,,,0
5.7,6.22,840.0,843.0,2290.0,,2290.0,,,,,,,,625.0,500.0,14.0,,,,,Sheets,,,2
1.39,1.61,,1520.0,,,,,,25000.0,610.0,610.0,,,385.0,350.0,22.0,,,Z180,Hot-dip Galvanized (+Z/+GI),Coils,"Minimized spangle, conventional surface (MA)",Chemically passivated (C),0
1.5,1.5,1500.0,1500.0,,,,,75000.0,75000.0,,,,,340.0,280.0,28.0,,,,Cold Rolled,Coils,,,0
1.39,1.61,,1520.0,,,,,,25000.0,610.0,610.0,,,385.0,350.0,22.0,,,Z140,Hot-dip Galvanized (+Z/+GI),Coils,"Minimized spangle, conventional surface (MA)",Chemically passivated (C),0
1.2,1.5,30.0,60.0,3970.0,,6000.0,,24000.0,24000.0,,,,,385.0,350.0,22.0,,,Z275,Hot-dip Galvanized (+Z/+GI),L-Sections,,,0
1.0,1.0,1250.0,1500.0,,,,,,,,,,,420.0,250.0,19.0,,,ZM310,Hot-dip zinc magnesium (+ZM),Coils,Conventional surface (A),Chemically passivated (C),0
1.0,1.0,1500.0,1530.0,,,,,24000.0,24000.0,,,,,310.0,210.0,38.0,,,,Cold Rolled,Coils,"Conventional surface, normal (Am)",,0
2.0,2.0,1500.0,1500.0,,,,,75000.0,75000.0,,,,,310.0,210.0,38.0,,,,Cold Rolled,Coils,"Conventional surface, normal (Am)",,0
0.55,0.6,,,,,,,,,,,,,385.0,350.0,22.0,,,Z070,Hot-dip Galvanized (+Z/+GI),Coils,,,0
1.35,1.35,1322.0,1322.0,,,,,,,,,,,460.0,340.0,26.0,,,GI50/50,Hot-dip Galvanized (+Z/+GI),Coils,"Minimized spangle, improved surface (MB)",Oiled (O),0
3.0,3.0,,,,,,,,,,,,,310.0,210.0,34.0,,,EG53/53,Electro-Galvanized (+ZE),Coils,,,0
3.0,3.0,1000.0,1000.0,,,,,,,,,,,385.0,350.0,22.0,,,Z275,Hot-dip Galvanized (+Z/+GI),Coils,,,0
3.0,3.0,1250.0,1250.0,,,,,,,,,,,385.0,350.0,22.0,,,Z275,Hot-dip Galvanized (+Z/+GI),Coils,,,0
2.5,2.5,1242.0,,,,,,,,,,,,400.0,260.0,29.0,,,,Cold Rolled,Coils,,,0
1.44,1.44,1771.0,,,,,,,,,,,,310.0,220.0,36.0,,,GI50/50,Hot-dip Galvanized (+Z/+GI),Coils,,,0
1.44,1.44,1771.0,,,,,,,,,,,,310.0,220.0,36.0,,,GI50/50,Hot-dip Galvanized (+Z/+GI),Coils,,,0
1.44,1.44,1771.0,1771.0,,,,,,,,,,,310.0,220.0,36.0,,,GI50/50,Hot-dip Galvanized (+GI),Coils,,,0
1.44,1.44,1771.0,1771.0,,,,,,,,,,,340.0,280.0,28.0,,,GI50/50,Hot-dip Galvanized (+GI),Coils,,,0
1.5,1.6,,1520.0,,,,,,25000.0,610.0,610.0,,,385.0,350.0,22.0,,,Z100,Hot-dip Galvanized (+Z),Coils,"Minimized spangle, conventional surface (MA)",Chemically passivated (C),0
1.5,1.6,,1520.0,,,,,,25000.0,610.0,610.0,,,385.0,350.0,22.0,,,Z115,Hot-dip Galvanized (+Z),Coils,"Minimized spangle, conventional surface (MA)",Chemically passivated (C),0
1.5,1.6,,1520.0,,,,,,25000.0,610.0,610.0,,,385.0,350.0,22.0,,,Z120,Hot-dip Galvanized (+Z),Coils,"Minimized spangle, conventional surface (MA)",Chemically passivated (C),0
1.5,1.6,,1520.0,,,,,,25000.0,610.0,610.0,,,385.0,350.0,22.0,,,Z140,Hot-dip Galvanized (+Z),Coils,"Minimized spangle, conventional surface (MA)",Chemically passivated (C),0
1.75,1.75,767.0,,,,,,,,,,,,515.0,380.0,23.0,,,GI40/40,Hot-dip Galvanized (+Z/+GI),Coils,,Oiled (O),0
20.0,20.0,2500.0,2500.0,10100.0,,10100.0,,,,,,,,550.0,355.0,22.0,,,,Normalized (+N),Heavy Plates,,,0
15.0,15.0,2500.0,2500.0,12000.0,,12000.0,,,,,,,,550.0,355.0,22.0,,,,Normalized (+N),Heavy Plates,,,0
1.8,1.8,,,,,,,18000.0,25000.0,,,,,310.0,220.0,36.0,,,Z140,Hot-dip Galvanized (+Z/+GI),Coils,"Minimized spangle, improved surface (MB)",Oiled (O),0
1.54,1.54,,,,,,,,,,,,,1080.0,590.0,12.0,,,GI50/50,Hot-dip Galvanized (+Z/+GI),Coils,,Without surface treatment (U),2
1.5,1.5,1250.0,1500.0,,,,,,25000.0,,,,,340.0,280.0,28.0,,,ZE25/25,Electro-Galvanized (+ZE),Coils,Conventional surface (A),Phosphated and chemically passivated (PC),0
8.0,8.0,1500.0,1500.0,3000.0,,3000.0,,,48000.0,,,,,450.0,315.0,24.0,,,,Hot Rolled,Sheets,,,0
8.0,8.0,1500.0,1500.0,3000.0,,3000.0,,100000.0,100000.0,,,,,550.0,420.0,19.0,,,,Hot Rolled,Sheets,,Pickled and Oiled,0
1.0,1.0,1000.0,1000.0,2500.0,,2500.0,,,,,,,,385.0,350.0,22.0,,,AS120,Aluminized (+AS/+AL),Sheets,Conventional surface (A),Oiled (O),0
0.62,0.62,,,,,,,,,,,,,310.0,220.0,36.0,,,ZM100,Hot-dip zinc magnesium (+ZM),Coils,,Oiled (O),0
1.0,1.0,1250.0,1500.0,,,,,,,,,,,420.0,250.0,19.0,,,ZM310,Hot-dip zinc magnesium (+ZM),Coils,Conventional surface (A),Chemically passivated (C),0
0.55,0.6,,,,,,,,,,,,,385.0,350.0,22.0,,,Z075,Hot-dip Galvanized (+Z/+GI),Coils,,,0
5.86,6.0,,,,,,,8000.0,25000.0,610.0,610.0,,,435.0,235.0,26.0,,,,Hot Rolled,Coils,,Pickled and Oiled,0
5.86,6.0,,,,,,,8000.0,25000.0,,,,,450.0,315.0,24.0,,,,Hot Rolled,Coils,,Pickled and Oiled,0
5.86,6.0,,,,,,,8000.0,25000.0,,,,,490.0,355.0,22.0,,,,Hot Rolled,Coils,,Pickled and Oiled,0
1.2,1.2,1547.0,,,,,,6000.0,10000.0,,,,,595.0,460.0,21.0,,,GI50/50,Hot-dip Galvanized (+GI),Coils,,Without surface treatment (U),0
2.42,2.58,600.0,,,,,,20000.0,25000.0,,,,,400.0,260.0,31.0,,,Z140,Hot-dip Galvanized (+Z),Coils,"Minimized spangle, improved surface (MB)",Oiled (O),0
2.42,2.58,600.0,,,,,,20000.0,25000.0,,,,,400.0,260.0,31.0,,,Z150,Hot-dip Galvanized (+Z),Coils,"Minimized spangle, improved surface (MB)",Oiled (O),0
1.5,1.6,,1520.0,,,,,,25000.0,610.0,610.0,,,385.0,350.0,22.0,,,Z180,Hot-dip Galvanized (+Z),Coils,"Minimized spangle, conventional surface (MA)",Chemically passivated (C),0
,,,,,,,,,,,,,,500.0,350.0,16.0,,,Z115,Dry,Coils,,,0
,,,1520.0,,,,,15000.0,25000.0,610.0,610.0,,,550.0,355.0,22.0,,,,Hot Rolled,Coils,,Pickled and Oiled,0
,,,1520.0,,,,,15000.0,25000.0,610.0,610.0,,,435.0,235.0,26.0,,,,Hot Rolled,Coils,,Pickled and Oiled,0
,,,1520.0,,,,,,25000.0,610.0,610.0,,,435.0,235.0,26.0,,,,Hot Rolled,Coils,,Pickled and Oiled,0
,,1360.0,1520.0,,,,,,25000.0,610.0,610.0,,,490.0,355.0,22.0,,,,Hot Rolled,Slit Coils,,Pickled and Oiled,0
4.3,4.7,,1520.0,,,,,,25000.0,610.0,610.0,,,435.0,235.0,26.0,,,,Hot Rolled,Coils,,Pickled and Oiled,0
5.0,5.0,,1520.0,,,,,,25000.0,610.0,610.0,,,735.0,600.0,13.0,,,,Hot Rolled,Slit Coils,,Pickled and Oiled,2
,,,1520.0,,,,,,25000.0,610.0,610.0,,,680.0,550.0,15.0,,,,Hot Rolled,Coils,,Pickled and Oiled,2
,,,,,,,,,,,,,,500.0,350.0,16.0,,,Z120,Dry,Coils,,,0
,,,,,,,,,,,,,,500.0,350.0,16.0,,,Z140,Dry,Coils,,,0
,,,,,,,,,,,,,,500.0,350.0,16.0,,,Z180,Dry,Coils,,,0
0.4,0.6,,,,,,,40000.0,40000.0,,,,,310.0,210.0,38.0,,,ZE25/25,Electro-Galvanized (+ZE),Coils,,Lightly Oiled (L),0
5.0,5.0,,1520.0,,,,,,25000.0,610.0,610.0,,,340.0,280.0,28.0,,,,Hot Rolled,Coils,,Pickled and Oiled,0
2.0,2.0,860.0,860.0,1280.0,,1280.0,,,,,,,,300.0,180.0,42.0,,,,,Sheets,,,0
3.0,3.0,355.0,355.0,540.0,,540.0,,,,,,,,300.0,180.0,42.0,,,,Cold Rolled,Sheets,,,0
3.0,3.0,630.0,630.0,950.0,,950.0,,,,,,,,300.0,180.0,42.0,,,,Cold Rolled,Sheets,,,0
1.1,1.3,620.0,,,,,,20000.0,20000.0,,,,,340.0,180.0,34.0,,,Z100,Hot-dip Galvanized (+Z/+GI),Coils,"Minimized spangle, improved surface (MB)",Oiled (O),0
0.7,0.7,,,,,,,,,,,,,325.0,260.0,30.0,,,AS120,Aluminized (+AS/+AL),Coils,Conventional surface (A),Oiled (O),0
2.0,2.0,,,,,,,18000.0,25000.0,,,,,400.0,260.0,29.0,,,,Cold Rolled,Coils,,Lightly Oiled (L),0
2.2,2.8,,1520.0,,,,,,25000.0,610.0,610.0,,,595.0,460.0,17.0,,,,Cold Rolled,,,Oiled (O),0
0.55,0.6,,,,,,,,,,,,,385.0,350.0,22.0,,,Z080,Hot-dip Galvanized (+Z/+GI),Coils,,,0
,,,1520.0,,,,,,25000.0,610.0,610.0,,,340.0,380.0,28.0,,,,Hot Rolled,Coils,,Pickled and Oiled,0
3.4,3.6,,1520.0,,,,,25000.0,35000.0,610.0,610.0,,,680.0,550.0,15.0,,,,Hot Rolled,Coils,,Pickled and Oiled,2
2.4,2.6,600.0,1520.0,,,,,20000.0,25000.0,610.0,610.0,,,340.0,380.0,28.0,,,,Hot Rolled,Coils,,Pickled and Oiled,0
5.0,5.0,,,,,,,,25000.0,610.0,610.0,,,340.0,280.0,28.0,,,,Hot Rolled,Coils,,Pickled and Oiled,0
